MARKIT Ticker,Currency,Sen/Sub,Doc Clause,RED Code,IsDefaulted,Defaulted Recovery Rate,Phoenix Reference Entity ID,Name,Country,Moodys,S&P,Moodys Industries,S&P Industries,CreditIndex,Series,Version (hardcoded),Credit Index Mapping,Recovery,Quote Date,TRACS ID,Yr 1,Yr 2,Yr 3,Yr 4,Yr 5,Yr 6,Yr 7,Yr 8,Yr 9,Yr 10
NULL,USD,Senior,NULL,008HA7,False,,10025,AGRIUM INC.,CA,Baa2,BBB,Farming and Agriculture,Farming / Agriculture,,,,s9.DJ CDX.NA.IG,0.392500000,11/06/2013,222,,,,,,,,,,,
AKZO,EUR,Senior,NULL,0B11AI,False,,10035,AKZO Nobel N.V.,NL,A3,A-,Chemicals_ Plastics and Rubber,Chemicals & Plastics,,,,s9.iTraxx Europe,0.400000000,11/06/2013,395262,,,,,,,,,,,
NULL,USD,Senior,NULL,7DD92F,False,,10041,Rio Tinto Alcan_ Inc,CA,A3,BBB+   *+,Mining_ Steel_ Iron and Non-Precious Metals,Nonferrous Metals / Minerals,,,,s9.DJ CDX.NA.IG,0.392857143,11/06/2013,304,,,,,,,,,,,
AA,USD,Senior,NULL,014B98,False,,10043,Alcoa Inc.,US,Baa1,BBB+,Mining_ Steel_ Iron and Non-Precious Metals,Steel,,,,s9.DJ CDX.NA.IG,0.400000000,11/06/2013,219729,,,,,,,,,,,
ALTEL,USD,Senior,NULL,0C204K,False,,10057,ALLTEL Corporation,US,Caa1   *+,B+     *+,Telecommunications,Telecommunications - Wireline and Wireless,,,,s9.DJ CDX.NA.IG,0.400000000,11/06/2013,395267,,,,,,,,,,,
HESS,USD,Senior,NULL,46A89Q,False,,10061,Hess Corporation,US,Baa2,BBB-,Oil and Gas,Oil & Gas,,,,s9.DJ CDX.NA.IG,0.400000000,11/06/2013,378,,,,,,,,,,,
AEP,USD,Senior,NULL,027A8A,False,,10066,AMERICAN ELECTRIC POWER COMPANY_ INC.,US,Baa2,BBB,Utilities,Utilities,,,,s9.DJ CDX.NA.IG,0.387500000,11/06/2013,118667,,,,,,,,,,,
NULL,USD,Senior,NULL,9HB326,False,,10067,Wyeth LLC,US,A3,A+,Healthcare_ Education and Childcare,Drugs,,,,s9.DJ CDX.NA.IG,0.395200000,11/06/2013,395603,,,,,,,,,,,
AMGN,USD,Senior,NULL,0D4278,False,,10080,Amgen Inc.,US,A3,A+,Healthcare_ Education and Childcare,Drugs,,,,s9.DJ CDX.NA.IG,0.390000000,11/06/2013,268139,,,,,,,,,,,
NULL,USD,Senior,NULL,0A3576,False,,10087,Anadarko Petroleum Corporation,US,Baa3,BBB-,Oil and Gas,Oil & Gas,,,,s9.DJ CDX.NA.IG,0.394347826,11/06/2013,169880,,,,,,,,,,,
T,USD,Senior,NULL,001AEC,False,,10118,AT&T Corp.,US,A2,A,Telecommunications,Telecommunications - Wireline and Wireless,,,,s9.DJ CDX.NA.IG,0.390000000,11/06/2013,503,,,,,,,,,,,
BAPLC,EUR,Senior,NULL,05A75U,False,,10136,BAE SYSTEMS PLC,GB,Baa2,BBB+,Aerospace and Defence,Aerospace & Defence,,,,s9.iTraxx Europe,0.400000000,11/06/2013,1289,,,,,,,,,,,
BACORP,USD,Senior,NULL,0G655D,False,,10142,Bank of America Corporation,US,Aa2,AA,Banking,Financial Intermediaries,,,,s9.DJ CDX.NA.IG,0.400000000,11/06/2013,82207,,,,,,,,,,,
NULL,USD,Senior,NULL,06DG91,False,,10145,BARRICK GOLD CORPORATION,CA,Baa1,A-,Diversified Natural resources_ Precious Metals and Minerals,Nonferrous Metals / Minerals,,,,s9.DJ CDX.NA.IG,0.395000000,11/06/2013,44916,,,,,,,,,,,
BOL,USD,Senior,NULL,0H8877,False,,10149,Bausch & Lomb Incorporated,US,Caa1,B+,Healthcare_ Education and Childcare,Health Care,,,,s9.DJ CDX.NA.IG,0.400000000,11/06/2013,1086,,,,,,,,,,,
BAX,USD,Senior,NULL,0H8994,False,,10150,Baxter International Inc.,US,A3,A+,Healthcare_ Education and Childcare,Industrial Equipment,,,,s9.DJ CDX.NA.IG,0.390000000,11/06/2013,52940,,,,,,,,,,,
BYIF,EUR,Senior,NULL,0H99A3,False,,10151,Bayer Aktiengesellschaft,DE,A3,A-,Chemicals_ Plastics and Rubber,Chemicals & Plastics,,,,s9.iTraxx Europe,0.400000000,11/06/2013,412765,,,,,,,,,,,
BMW,EUR,Senior,NULL,0H99B7,False,,10152,Bayerische Motoren Werke Aktiengesellschaft,DE,A1,A+,Automobile,Automotive,,,,s9.iTraxx Europe,0.395710000,11/06/2013,143825,,,,,,,,,,,
JPM-BSCL,USD,Senior,NULL,07ABF3,False,,10156,The Bear Stearns Companies LLC,US,N.A.,N.A.,Finance,Brokers_ Dealers & Investment Houses,,,,s9.DJ CDX.NA.IG,0.400000000,11/06/2013,44362,,,,,,,,,,,
VRZN,USD,Senior,NULL,9B579L,False,,10164,Verizon Communications Inc.,US,A3     *-,A,Telecommunications,Telecommunications - Wireline  ,,,,s9.DJ CDX.NA.IG,0.398610000,11/06/2013,179122,,,,,,,,,,,
BILLO,USD,Senior,NULL,0I85AL,False,,10170,Belo Corp.,US,Ba1,BB,Printing and Publishing,Leisure goods / Activities / Movies,,,,s9.DJ CDX.NA.IG,0.385000000,11/06/2013,432891,,,,,,,,,,,
BDK,USD,Senior,NULL,09A8GG,False,,10183,The Black & Decker Corporation,US,Baa2,BBB,Home and Office Furnishing_ Housewares_ and Durable Consumer Products,Industrial Equipment,,,,s9.DJ CDX.NA.IG,0.397500000,11/06/2013,1222,,,,,,,,,,,
BWA,USD,Senior,NULL,09IG96,False,,10195,BorgWarner Inc.,US,Baa1,A-,Automobile,Automotive,,,,s9.DJ CDX.NA.IG,0.391270000,11/06/2013,735654,,,,,,,,,,,
BSX,USD,Senior,NULL,1B124A,False,,10196,Boston Scientific Corporation,US,Ba2,BB+,Healthcare_ Education and Childcare,Health Care,,,,s9.DJ CDX.NA.IG,0.400000000,11/06/2013,297525,,,,,,,,,,,
BOUY,EUR,Senior,NULL,FG25BN,False,,10197,BOUYGUES,FR,N.A.,A-,Buildings and Real Estate,Conglomerates,,,,s9.iTraxx Europe,0.400000000,11/06/2013,455993,,,,,,,,,,,
NULL,USD,Senior,NULL,1C1134,False,,10204,Bristol-Myers Squibb Company,US,A2,A+,Healthcare_ Education and Childcare,Drugs,,,,s9.DJ CDX.NA.IG,0.395833333,11/06/2013,1287,,,,,,,,,,,
BATSLN,EUR,Senior,NULL,1C148C,False,,10206,BRITISH AMERICAN TOBACCO p.l.c.,GB,Baa1,BBB+,Beverage_ Food and Tobacco,Beverage & Tobacco,,,,s9.iTraxx Europe,0.400000000,11/06/2013,115704,,,,,,,,,,,
BSY,EUR,Senior,NULL,1C2114,False,,10210,BRITISH SKY BROADCASTING GROUP PLC,GB,Baa2,BBB,Broadcasting and Entertainment,Cable & Satellite Television,,,,s9.iTraxx Europe,0.383330000,11/06/2013,1307,,,,,,,,,,,
BRITEL-BritTel,EUR,Senior,NULL,GH6DA2,False,,10211,BRITISH TELECOMMUNICATIONS public limited company,GB,Baa1,BBB+,Telecommunications,Telecommunications - Wireline and Wireless,,,,s9.iTraxx Europe,0.400000000,11/06/2013,432898,,,,,,,,,,,
BHP,USD,Senior,NULL,08GE66,False,,10213,BHP BILLITON LIMITED,AU,A1,A+,Mining_ Steel_ Iron and Non-Precious Metals,Nonferrous Metals / Minerals,,,,s9.DJ CDX.NA.IG,0.391670000,11/06/2013,395298,,,,,,,,,,,
BRK-BRLF,USD,Senior,NULL,1D39H2,False,,10220,Burlington Northern Santa Fe_ LLC,US,Baa1,BBB,Cargo Transport,Rail Industries,,,,s9.DJ CDX.NA.IG,0.388000000,11/06/2013,1346,,,,,,,,,,,
BR,USD,Senior,NULL,1D4215,False,,10221,Burlington Resources Inc.,US,A2,BBB-,Oil and Gas,Oil & Gas,,,,s9.DJ CDX.NA.IG,0.400000000,11/06/2013,82206,,,,,,,,,,,
NULL,USD,Senior,NULL,7B7589,False,,10225,Progress Energy_ Inc.,US,Baa2,BBB+,Utilities,Utilities,,,,s9.DJ CDX.NA.IG,0.393809524,11/06/2013,395506,,,,,,,,,,,
CPB,USD,Senior,NULL,1E786B,False,,10240,Campbell Soup Company,US,A2,A,Beverage_ Food and Tobacco,Food Products,,,,s9.DJ CDX.NA.IG,0.390000000,11/06/2013,393752,,,,,,,,,,,
ITV-Carlton,EUR,Senior,NULL,GHA96M,False,,10247,CARLTON COMMUNICATIONS LIMITED,GB,N.A.,N.A.,Broadcasting and Entertainment,Radio & Television,,,,s9.iTraxx Europe,0.400000000,11/06/2013,1539,,,,,,,,,,,
NULL,USD,Senior,NULL,1F79BD,False,,10248,CARNIVAL CORPORATION,US,A3,A-,Leisure_ Amusement and Entertainment,Lodging & Casinos,,,,s9.DJ CDX.NA.IG,0.400000000,11/06/2013,1543,,,,,,,,,,,
CARR,EUR,Senior,NULL,FG4CAM,False,,10250,CARREFOUR,FR,A2,A,Grocery,Food / Drug retailers,,,,s9.iTraxx Europe,0.400000000,11/06/2013,107148,,,,,,,,,,,
NULL,USD,Senior,NULL,15DA35,False,,10253,Caterpillar Inc.,US,A2,A,Machinery (Non-Agriculture_ Non-construction_ Non-electronic),Industrial Equipment,,,,s9.DJ CDX.NA.IG,0.393181818,11/06/2013,1572,,,,,,,,,,,
CENTRI,EUR,Senior,NULL,16B9CT,False,,10264,Centrica Plc,GB,A3,A,Utilities,Utilities,,,,s9.iTraxx Europe,0.400000000,11/06/2013,112726,,,,,,,,,,,
CLINKI,USD,Senior,NULL,16BD70,False,,10265,CenturyLink_ Inc.,US,Baa2   *-,BBB-,Telecommunications,Telecommunications - Wireless,,,,s9.DJ CDX.NA.IG,0.400000000,11/06/2013,288789,,,,,,,,,,,
CVX,USD,Senior,NULL,17CDCH,False,,10277,Chevron Corporation,US,WR,AA,Oil and Gas,Oil & Gas,,,,s9.DJ CDX.NA.IG,0.400000000,11/06/2013,6187,,,,,,,,,,,
NULL,USD,Senior,NULL,19C952,False,,10290,Clear Channel Communications_ Inc.,US,Caa1,B,Broadcasting and Entertainment,Radio & Television,,,,s9.DJ CDX.NA.IG,0.393750000,11/06/2013,29464,,,,,,,,,,,
CLX,USD,Senior,NULL,19H959,False,,10293,THE CLOROX COMPANY,US,Baa2,BBB+,Personal and NonDurable Consumer Products (Manufacturing only),Chemicals & Plastics,,,,s9.DJ CDX.NA.IG,0.400000000,11/06/2013,118349,,,,,,,,,,,
CCE,USD,Senior,NULL,1AA33A,False,,10299,Coca-Cola Enterprises Inc.,US,A3,A,Beverage_ Food and Tobacco,Beverage & Tobacco,,,,s9.DJ CDX.NA.IG,0.399840000,11/06/2013,1839,,,,,,,,,,,
CAINC,USD,Senior,NULL,138DAS,False,,10315,CA Inc,US,Ba1,BB+,Electronics,Business Equipment & Services,,,,s9.DJ CDX.NA.IG,0.390000000,11/06/2013,137666,,,,,,,,,,,
NULL,USD,Senior,NULL,2C5899,False,,10316,Computer Sciences Corporation,US,Baa1,A-,Electronics,Business Equipment & Services,,,,s9.DJ CDX.NA.IG,0.393333333,11/06/2013,412654,,,,,,,,,,,
NULL,USD,Senior,NULL,225DGF,False,,10320,ConAgra Foods_ Inc.,US,Baa2,BBB+,Beverage_ Food and Tobacco,Food Products,,,,s9.DJ CDX.NA.IG,0.395454545,11/06/2013,311316,,,,,,,,,,,
CEG,USD,Senior,NULL,2D13A8,False,,10327,Constellation Energy Group_ Inc.,US,Baa1,BBB+,Utilities,Utilities,,,,s9.DJ CDX.NA.IG,0.390000000,11/06/2013,413365,,,,,,,,,,,
NULL,USD,Senior,NULL,2E6448,False,,10340,Cox Communications_ Inc.,US,Baa3,BBB-,Broadcasting and Entertainment,Cable & Satellite Television,,,,s9.DJ CDX.NA.IG,0.393478261,11/06/2013,56099,,,,,,,,,,,
NULL,USD,Senior,NULL,138A48,False,,10352,CSX Corporation,US,Baa3,BBB-,Cargo Transport,Rail Industries,,,,s9.DJ CDX.NA.IG,0.392000000,11/06/2013,173151,,,,,,,,,,,
NULL,USD,Senior,NULL,2F4123,False,,10354,Cummins Inc.,US,Baa3,BBB,Cargo Transport,Industrial Equipment,,,,s9.DJ CDX.NA.IG,0.396666667,11/06/2013,390852,,,,,,,,,,,
CYT,USD,Senior,NULL,255AA2,False,,10358,Cytec Industries Inc.,US,Baa3,BBB,Chemicals_ Plastics and Rubber,Chemicals & Plastics,,,,s9.DJ CDX.NA.IG,0.400000000,11/06/2013,426105,,,,,,,,,,,
NULL,EUR,Senior,NULL,DE7C9Q,False,,10361,Daimler AG,DE,A3,A-,Automobile,Automotive,,,,s9.iTraxx Europe,0.395217391,11/06/2013,61709,,,,,,,,,,,
DNSFDS,USD,Senior,NULL,2G65A7,False,,10365,Dean Foods Company,US,B3,BB-    *-,Beverage_ Food and Tobacco,Food Products,,,,s9.DJ CDX.NA.IG,0.390000000,11/06/2013,,,,,,,,,,,,,
DE,USD,Senior,NULL,2G85AI,False,,10366,Deere & Company,US,A2,A,Farming and Agriculture,Farming / Agriculture,,,,s9.DJ CDX.NA.IG,0.400000000,11/06/2013,2175,,,,,,,,,,,
NULL,USD,Senior,NULL,26ACEG,False,,10368,Delhaize America_ LLC,US,Baa3,BB+,Grocery,Food / Drug retailers,,,,s9.DJ CDX.NA.IG,0.396153846,11/06/2013,136844,,,,,,,,,,,
STOL,EUR,Senior,NULL,RZC53V,False,,10373,Statoil ASA,NO,Aa2,AA-,Oil and Gas,Oil & Gas,,,,s9.iTraxx Europe,0.400000000,11/06/2013,550477,,,,,,,,,,,
LUFTHA,EUR,Senior,NULL,2H66B7,False,,10379,Deutsche Lufthansa Aktiengesellschaft,DE,Baa3,BBB,Personal Transportation,Air Transport,,,,s9.iTraxx Europe,0.400000000,11/06/2013,238481,,,,,,,,,,,
DT,EUR,Senior,NULL,2H66BC,False,,10381,Deutsche Telekom AG,DE,Baa1,BBB+,Telecommunications,Telecommunications - Wireline and Wireless,,,,s9.iTraxx Europe,0.394440000,11/06/2013,151361,,,,,,,,,,,
NULL,EUR,Senior,NULL,2H767T,False,,10382,DIAGEO PLC,GB,A3,A-,Beverage_ Food and Tobacco,Beverage & Tobacco,,,,s9.iTraxx Europe,0.395833333,11/06/2013,105828,,,,,,,,,,,
NULL,USD,Senior,NULL,279AEF,False,,10390,The Walt Disney Company,US,A2,A,Broadcasting and Entertainment,Leisure goods / Activities / Movies,,,,s9.DJ CDX.NA.IG,0.394000000,11/06/2013,6646,,,,,,,,,,,
D,USD,Senior,NULL,27CBAF,False,,10391,Dominion Resources_ Inc.,US,Baa2,A-,Utilities,Utilities,,,,s9.DJ CDX.NA.IG,0.399960000,11/06/2013,70416,,,,,,,,,,,
DNY,USD,Senior,NULL,27CFED,False,,10392,R.R. Donnelley & Sons Company,US,Baa2,BBB+,Printing and Publishing,Publishing,,,,s9.DJ CDX.NA.IG,0.400000000,11/06/2013,103369,,,,,,,,,,,
NULL,USD,Senior,NULL,2I6597,False,,10395,The Dow Chemical Company,US,A3     *-,A-     *-,Chemicals_ Plastics and Rubber,Chemicals & Plastics,,,,s9.DJ CDX.NA.IG,0.393750000,11/06/2013,2302,,,,,,,,,,,
NULL,USD,Senior,NULL,2F664B,False,,10398,D.R. Horton_ Inc.,US,Ba2,BB,Buildings and Real Estate,Building & Development,,,,s9.DJ CDX.NA.IG,0.394117647,11/06/2013,169478,,,,,,,,,,,
KDSM,EUR,Senior,NULL,NS517V,False,,10400,Koninklijke DSM N.V.,NL,A3,A-,Chemicals_ Plastics and Rubber,Chemicals & Plastics,,,,s9.iTraxx Europe,0.400000000,11/06/2013,374199,,,,,,,,,,,
NULL,USD,Senior,NULL,2I9887,False,,10401,E. I. du Pont de Nemours and Company,US,A2,A,Chemicals_ Plastics and Rubber,Chemicals & Plastics,,,,s9.DJ CDX.NA.IG,0.393478261,11/06/2013,2341,,,,,,,,,,,
DUKECO,USD,Senior,NULL,28A85G,False,,10402,Duke Energy Carolinas_ LLC,US,Baa2,A-,Utilities,Utilities,,,,s9.DJ CDX.NA.IG,0.390000000,11/06/2013,49285,,,,,,,,,,,
NULL,EUR,Senior,NULL,28EFF8,False,,10409,E.ON AG,DE,A2,A,Utilities,Utilities,,,,s9.iTraxx Europe,0.397200000,11/06/2013,804321,,,,,,,,,,,
EMN,USD,Senior,NULL,29EB75,False,,10416,Eastman Chemical Company,US,Baa2,BBB,Chemicals_ Plastics and Rubber,Chemicals & Plastics,,,,s9.DJ CDX.NA.IG,0.400000000,11/06/2013,2393,,,,,,,,,,,
NULL,EUR,Senior,NULL,X3DGB7,False,,10429,EDP - Energias de Portugal_ S.A.,PT,A2,A-,Utilities,Utilities,,,,s9.iTraxx Europe,0.397083333,11/06/2013,395351,,,,,,,,,,,
EDF,EUR,Senior,NULL,FHBD4H,False,,10430,ELECTRICITE DE FRANCE,FR,Aa1,AA-,Utilities,Utilities,,,,s9.iTraxx Europe,0.400000000,11/06/2013,2421,,,,,,,,,,,
ELTLX,EUR,Senior,NULL,0B11AH,False,,10431,Aktiebolaget Electrolux,SE,WR,BBB+,Home and Office Furnishing_ Housewares_ and Durable Consumer Products,Home Furnishings,,,,s9.iTraxx Europe,0.400000000,11/06/2013,412587,,,,,,,,,,,
ELESM,EUR,Senior,NULL,2BB7DV,False,,10447,ENDESA_ S.A.,ES,A3,A-,Utilities,Utilities,,,,s9.iTraxx Europe,0.400000000,11/06/2013,429533,,,,,,,,,,,
NULL,USD,Senior,NULL,5AB77V,False,,10488,Macy's_ Inc.,US,Baa3,BBB-,Retail Stores,Retailers (except food & drugs),,,,s9.DJ CDX.NA.IG,0.395454545,11/06/2013,336715,,,,,,,,,,,
FDC,USD,Senior,NULL,34AIF9,False,,10499,First Data Corporation,US,B3,B+,Electronics,Business Equipment & Services,,,,s9.DJ CDX.NA.IG,0.316670000,11/06/2013,2647,,,,,,,,,,,
NULL,USD,Senior,NULL,36AGC5,False,,10500,FirstEnergy Corp.,US,Baa3,BBB,Utilities,Utilities,,,,s9.DJ CDX.NA.IG,0.394090909,11/06/2013,434472,,,,,,,,,,,
FMC,USD,Senior,NULL,3D26DA,False,,10506,FMC CORPORATION,US,Baa2,BBB,Chemicals_ Plastics and Rubber,Publishing,,,,s9.DJ CDX.NA.IG,0.400000000,11/06/2013,2712,,,,,,,,,,,
NULL,EUR,Senior,NULL,XZBGF7,False,,10513,Fortum Oyj,FI,A2,A-,Utilities,Utilities,,,,s9.iTraxx Europe,0.397368421,11/06/2013,136917,,,,,,,,,,,
FO,USD,Senior,NULL,37DF94,False,,10514,Fortune Brands_ Inc.,US,Baa2,BBB,Retail Stores,Industrial Equipment,,,,s9.DJ CDX.NA.IG,0.390000000,11/06/2013,384,,,,,,,,,,,
NEXTEI,USD,Senior,NULL,3D27C8,False,,10515,NextEra Energy_ Inc.,US,A2,A,Utilities,Utilities,,,,s9.DJ CDX.NA.IG,0.400000000,11/06/2013,804244,,,,,,,,,,,
FRTEL,EUR,Senior,NULL,3I68EX,False,,10516,FRANCE TELECOM,FR,A3,A-,Telecommunications,Telecommunications - Wireline and Wireless,,,,s9.iTraxx Europe,0.393750000,11/06/2013,2757,,,,,,,,,,,
DEXBB-AGM,USD,Senior,NULL,348DFY,False,,10523,Assured Guaranty Municipal Corp.,US,Aaa    *-,N.A.,Insurance,Insurance,,,,s9.DJ CDX.NA.IG,0.293330000,11/06/2013,2619,,,,,,,,,,,
NULL,USD,Senior,NULL,39AB97,False,,10526,Gannett Co._ Inc.,US,A3     *-,BBB+,Printing and Publishing,Publishing,,,,s9.DJ CDX.NA.IG,0.395000000,11/06/2013,87712,,,,,,,,,,,
GASSM,EUR,Senior,NULL,EJ9DCN,False,,10527,GAS NATURAL SDG_ S.A.,ES,WR,A      *-,Utilities,Utilities,,,,s9.iTraxx Europe,0.400000000,11/06/2013,,,,,,,,,,,,,
GIS,USD,Senior,NULL,3A7367,False,,10531,General Mills_ Inc.,US,Baa1,BBB+,Beverage_ Food and Tobacco,Food Products,,,,s9.DJ CDX.NA.IG,0.399950000,11/06/2013,2841,,,,,,,,,,,
GLCORE,EUR,Senior,NULL,HK5754,False,,10539,Glencore International AG,CH,Baa2,BBB,Diversified Natural resources_ Precious Metals and Minerals,N.A.,,,,s9.iTraxx Europe,0.394000000,11/06/2013,749074,,,,,,,,,,,
NULL,USD,Senior,NULL,3BA5BG,False,,10545,Goodrich Corporation,US,Baa2,BBB+,Aerospace and Defence,Aerospace & Defence,,,,s9.DJ CDX.NA.IG,0.393750000,11/06/2013,411958,,,,,,,,,,,
HAL,USD,Senior,NULL,4E6837,False,,10564,HALLIBURTON COMPANY,US,A2,A,Oil and Gas,Oil & Gas,,,,s9.DJ CDX.NA.IG,0.400000000,11/06/2013,428037,,,,,,,,,,,
HCN,USD,Senior,NULL,4G438R,False,,10576,Health Care REIT_ Inc.,US,Baa2,BBB-,Buildings and Real Estate,Building & Development,,,,s9.DJ CDX.NA.IG,0.425000000,11/06/2013,478752,,,,,,,,,,,
HNZ,USD,Senior,NULL,4G537B,False,,10580,H. J. HEINZ COMPANY,US,Baa2,BBB,Beverage_ Food and Tobacco,Food Products,,,,s9.DJ CDX.NA.IG,0.400000000,11/06/2013,3075,,,,,,,,,,,
NULL,USD,Senior,NULL,46AA59,False,,10592,Hewlett-Packard Company,US,A2,A,Electronics,Business Equipment & Services,,,,s9.DJ CDX.NA.IG,0.393333333,11/06/2013,3166,,,,,,,,,,,
LADBRK,EUR,Senior,NULL,GL86AK,False,,10593,LADBROKES PLC,GB,Ba2,BB,Hotels Motels Inns and Gaming,Lodging & Casinos,,,,s9.iTraxx Europe,0.400000000,11/06/2013,507552,,,,,,,,,,,
NULL,USD,Senior,NULL,47BD67,False,,10600,Honeywell International Inc.,US,A2,A,Machinery (Non-Agriculture_ Non-construction_ Non-electronic),Aerospace & Defence,,,,s9.DJ CDX.NA.IG,0.393750000,11/06/2013,336,,,,,,,,,,,
HOV,USD,Senior,NULL,4I66CF,False,,10602,Hovnanian Enterprises_ Inc.,US,N.A.,B-,Buildings and Real Estate,Building & Development,,,,s9.DJ CDX.NA.IG,0.237500000,11/06/2013,395393,,,,,,,,,,,
NULL,EUR,Senior,NULL,EK77AV,False,,10610,IBERDROLA_ S.A.,ES,A3,A-,Utilities,Utilities,,,,s9.iTraxx Europe,0.396956522,11/06/2013,378853,,,,,,,,,,,
NULL,USD,Senior,NULL,49EB20,False,,10612,International Business Machines Corporation,US,A1,A+,Electronics,Business Equipment & Services,,,,s9.DJ CDX.NA.IG,0.393600000,11/06/2013,3409,,,,,,,,,,,
AKZO-ICILD,EUR,Senior,NULL,GKB89Z,False,,10613,IMPERIAL CHEMICAL INDUSTRIES LIMITED,GB,Baa2   *+,A-,Chemicals_ Plastics and Rubber,Chemicals & Plastics,,,,s9.iTraxx Europe,0.400000000,11/06/2013,131076,,,,,,,,,,,
NULL,USD,Senior,NULL,49BEEC,False,,10626,Ingersoll-Rand Company,US,Baa1,BBB+,Machinery (Non-Agriculture_ Non-construction_ Non-electronic),Industrial Equipment,,,,s9.DJ CDX.NA.IG,0.393181818,11/06/2013,3366,,,,,,,,,,,
NULL,USD,Senior,NULL,4A615A,False,,10632,International Paper Company,US,Baa3,BBB,Printing and Publishing,Forest Products,,,,s9.DJ CDX.NA.IG,0.394000000,11/06/2013,3424,,,,,,,,,,,
JCI,USD,Senior,NULL,4BFB9C,False,,10656,Johnson Controls_ Inc.,US,A3,A-,Automobile,Automotive,,,,s9.DJ CDX.NA.IG,0.400000000,11/06/2013,3552,,,,,,,,,,,
NULL,USD,Senior,NULL,4CECCQ,False,,10661,KB Home,US,Ba2,BB,Buildings and Real Estate,Building & Development,,,,s9.DJ CDX.NA.IG,0.394117647,11/06/2013,395425,,,,,,,,,,,
KMINC,USD,Senior,NULL,4DI90F,False,,10673,Knight Inc.,US,WR,BB,Oil and Gas,Utilities,,,,s9.DJ CDX.NA.IG,0.400000000,11/06/2013,395428,,,,,,,,,,,
MCLTHY,USD,Senior,NULL,5CGDCH,False,,10676,The McClatchy Company,US,B1,BBB+   *-,Printing and Publishing,Publishing,,,,s9.DJ CDX.NA.IG,0.246430000,11/06/2013,273975,,,,,,,,,,,
KSS,USD,Senior,NULL,5F027A,False,,10679,Kohl's Corporation,US,Baa1,BBB+,Retail Stores,Retailers (except food & drugs),,,,s9.DJ CDX.NA.IG,0.400000000,11/06/2013,137505,,,,,,,,,,,
NULL,EUR,Senior,NULL,5F04AD,False,,10680,Koninklijke Ahold N.V.,NL,Baa3,BBB-,Grocery,Food / Drug retailers,,,,s9.iTraxx Europe,0.395000000,11/06/2013,789361,,,,,,,,,,,
PHG,EUR,Senior,NULL,5F04B9,False,,10681,Koninklijke Philips Electronics N.V.,NL,A3,A-,Electronics,Electronics / Electrical,,,,s9.iTraxx Europe,0.400000000,11/06/2013,395431,,,,,,,,,,,
KPN,EUR,Senior,NULL,NR6BGI,False,,10685,Koninklijke KPN N.V.,NL,Baa2,BBB+,Telecommunications,Telecommunications - Wireline and Wireless,,,,s9.iTraxx Europe,0.400000000,11/06/2013,137599,,,,,,,,,,,
KR,USD,Senior,NULL,5F1148,False,,10687,THE KROGER CO.,US,Baa2,BBB-,Grocery,Food / Drug retailers,,,,s9.DJ CDX.NA.IG,0.400000000,11/06/2013,3700,,,,,,,,,,,
LAFCP,EUR,Senior,NULL,555DE7,False,,10692,LAFARGE,FR,Baa2,BBB,Buildings and Real Estate,Building & Development,,,,s9.iTraxx Europe,0.400000000,11/06/2013,3724,,,,,,,,,,,
LEN,USD,Senior,NULL,5H865C,False,,10701,Lennar Corporation,US,Ba3,BB,Buildings and Real Estate,Building & Development,,,,s9.DJ CDX.NA.IG,0.403500000,11/06/2013,168874,,,,,,,,,,,
LTD,USD,Senior,NULL,8GB68R,False,,10708,Limited Brands_ Inc.,US,Baa3,BBB-,Retail Stores,Retailers (except food & drugs),,,,s9.DJ CDX.NA.IG,0.400000000,11/06/2013,736650,,,,,,,,,,,
LMT,USD,Senior,NULL,58CHB3,False,,10710,Lockheed Martin Corporation,US,Baa1,A-,Aerospace and Defence,Aerospace & Defence,,,,s9.DJ CDX.NA.IG,0.390000000,11/06/2013,3856,,,,,,,,,,,
NULL,EUR,Senior,NULL,5F2685,False,,10718,LVMH MOET HENNESSY LOUIS VUITTON,FR,N.A.,A-,Diversified/Conglomerate Manufacturing,Leisure goods / Activities / Movies,,,,s9.iTraxx Europe,0.398000000,11/06/2013,44325,,,,,,,,,,,
NULL,USD,Senior,NULL,5CB9EI,False,,10731,Masco Corporation,US,Baa2   *-,BBB+,Buildings and Real Estate,Home Furnishings,,,,s9.DJ CDX.NA.IG,0.395454545,11/06/2013,154910,,,,,,,,,,,
MYG,USD,Senior,NULL,5CFDEB,False,,10734,Maytag Corporation,US,WR,BB+    *,Home and Office Furnishing_ Housewares_ and Durable Consumer Products,Electronics / Electrical,,,,s9.DJ CDX.NA.IG,0.390000000,11/06/2013,52729,,,,,,,,,,,
NULL,USD,Senior,NULL,5D8148,False,,10737,McDonald's Corporation,US,A3,A,Personal_ Food and Miscellaneous Services,Food Service,,,,s9.DJ CDX.NA.IG,0.395652174,11/06/2013,3988,,,,,,,,,,,
MCK,USD,Senior,NULL,UZDD52,False,,10738,McKesson Corporation,US,Baa3,BBB+,Healthcare_ Education and Childcare,Food / Drug retailers,,,,s9.DJ CDX.NA.IG,0.390000000,11/06/2013,434414,,,,,,,,,,,
MDC,USD,Senior,NULL,5A78DD,False,,10740,M.D.C. Holdings_ Inc.,US,Baa3,BBB-,Buildings and Real Estate,Building & Development,,,,s9.DJ CDX.NA.IG,0.401000000,11/06/2013,428411,,,,,,,,,,,
NULL,USD,Senior,NULL,5E919G,False,,10747,Merrill Lynch & Co._ Inc.,US,A2,A,Finance,Brokers_ Dealers & Investment Houses,,,,s9.DJ CDX.NA.IG,0.395238095,11/06/2013,44327,,,,,,,,,,,
NULL,USD,Senior,NULL,6I207D,False,,10775,Motorola Solutions_ Inc.,US,Baa2,BBB    *-,Electronics,Electronics / Electrical,,,,s9.DJ CDX.NA.IG,0.392727273,11/06/2013,4248,,,,,,,,,,,
NGP,EUR,Senior,NULL,GM9ACP,False,,10783,NATIONAL GRID PLC,GB,Baa1,A-,Utilities,Utilities,,,,s9.iTraxx Europe,0.400000000,11/06/2013,507557,,,,,,,,,,,
NWL,USD,Senior,NULL,6B634B,False,,10798,Newell Rubbermaid Inc.,US,Baa2,BBB+,Home and Office Furnishing_ Housewares_ and Durable Consumer Products,Home Furnishings,,,,s9.DJ CDX.NA.IG,0.390000000,11/06/2013,412300,,,,,,,,,,,
NULL,EUR,Senior,NULL,XD79FA,False,,10811,Nokia OYJ,FI,A1,A,Telecommunications,Telecommunications - Wireless,,,,s9.iTraxx Europe,0.392916667,11/06/2013,4523,,,,,,,,,,,
NULL,USD,Senior,NULL,6BABCA,False,,10814,Nordstrom_ Inc.,US,Baa1,A-,Retail Stores,Retailers (except food & drugs),,,,s9.DJ CDX.NA.IG,0.395454545,11/06/2013,336714,,,,,,,,,,,
NULL,USD,Senior,NULL,6BADC8,False,,10815,NORFOLK SOUTHERN CORPORATION,US,Baa1,BBB+,Cargo Transport,Rail Industries,,,,s9.DJ CDX.NA.IG,0.392000000,11/06/2013,4559,,,,,,,,,,,
NULL,USD,Senior,NULL,6CCE87,False,,10824,Northrop Grumman Corporation,US,Baa1,BBB+,Aerospace and Defence,Aerospace & Defence,,,,s9.DJ CDX.NA.IG,0.394000000,11/06/2013,4590,,,,,,,,,,,
NULL,USD,Senior,NULL,6CFGE3,False,,10831,NOVA CHEMICALS CORPORATION,CA,Ba3,B+,Chemicals_ Plastics and Rubber,Chemicals & Plastics,,,,s9.DJ CDX.NA.IG,0.391666667,11/06/2013,4611,,,,,,,,,,,
OLN,USD,Senior,NULL,6E86CB,False,,10851,Olin Corporation,US,Ba1,BB+,Chemicals_ Plastics and Rubber,Chemicals & Plastics,,,,s9.DJ CDX.NA.IG,0.400000000,11/06/2013,419142,,,,,,,,,,,
PCG-PacGas+Elec,USD,Senior,NULL,6FD738,False,,10871,PACIFIC GAS AND ELECTRIC COMPANY,US,A3,BBB+,Utilities,Utilities,,,,s9.DJ CDX.NA.IG,0.400000000,11/06/2013,4750,,,,,,,,,,,
PTV,USD,Senior,NULL,6FE77C,False,,10872,Pactiv Corporation,US,Baa2,BBB,Containers_ Packaging and Glass,Forest Products,,,,s9.DJ CDX.NA.IG,0.400000000,11/06/2013,433276,,,,,,,,,,,
NULL,USD,Senior,NULL,2BB755,False,,10874,ENCANA CORPORATION,CA,Baa2,A-     *-,Oil and Gas,Oil & Gas,,,,s9.DJ CDX.NA.IG,0.393809524,11/06/2013,4785,,,,,,,,,,,
PSON,EUR,Senior,NULL,7H5516,False,,10881,PEARSON plc,GB,Baa1,BBB+,Printing and Publishing,Publishing,,,,s9.iTraxx Europe,0.392000000,11/06/2013,55480,,,,,,,,,,,
FCX-FMC,USD,Senior,NULL,38BD8H,False,,10900,Freeport-McMoRan Corporation,US,Baa2,BBB-,Mining_ Steel_ Iron and Non-Precious Metals,Nonferrous Metals / Minerals,,,,s9.DJ CDX.NA.IG,0.400000000,11/06/2013,4906,,,,,,,,,,,
MO,USD,Senior,NULL,0C4291,False,,10901,Altria Group_ Inc.,US,Baa1,BBB+,Beverage_ Food and Tobacco,Beverage & Tobacco,,,,s9.DJ CDX.NA.IG,0.390000000,11/06/2013,395271,,,,,,,,,,,
COP,USD,Senior,NULL,228A7H,False,,10903,CONOCOPHILLIPS,US,A1,A,Oil and Gas,Oil & Gas,,,,s9.DJ CDX.NA.IG,0.400000000,11/06/2013,1949,,,,,,,,,,,
PG,USD,Senior,NULL,7B6989,False,,10934,The Procter & Gamble Company,US,Aa3,AA-,Personal and NonDurable Consumer Products (Manufacturing only),Cosmetics / Toiletries,,,,s9.DJ CDX.NA.IG,0.399940000,11/06/2013,5118,,,,,,,,,,,
CMHLDG,USD,Senior,NULL,QS9FCR,False,,10943,Consolidated Media Holdings Limited,AU,Baa2,BBB+   *-,Hotels Motels Inns and Gaming,Radio & Television,,,,s9.DJ CDX.NA.IG,0.375000000,11/06/2013,809117,,,,,,,,,,,
NULL,USD,Senior,NULL,7CA622,False,,10957,Raytheon Company,US,Baa1,BBB+,Aerospace and Defence,Aerospace & Defence,,,,s9.DJ CDX.NA.IG,0.393750000,11/06/2013,5269,,,,,,,,,,,
CNP,USD,Senior,NULL,1G69H2,False,,10960,CenterPoint Energy_ Inc.,US,Ba1,BBB,Utilities,Utilities,,,,s9.DJ CDX.NA.IG,0.388000000,11/06/2013,,,,,,,,,,,,,
RENAUL,EUR,Senior,NULL,7CEFDA,False,,10963,RENAULT,FR,Baa1,BBB+,Automobile,Automotive,,,,s9.iTraxx Europe,0.400000000,11/06/2013,142219,,,,,,,,,,,
REP,EUR,Senior,NULL,7D628Z,False,,10964,REPSOL YPF S.A.,ES,Baa1,BBB,Oil and Gas,Oil & Gas,,,,s9.iTraxx Europe,0.400000000,11/06/2013,81877,,,,,,,,,,,
ROH,USD,Senior,NULL,7EC8A8,False,,10974,Rohm and Haas Company,US,Baa1   *-,BBB    *,Chemicals_ Plastics and Rubber,Chemicals & Plastics,,,,s9.DJ CDX.NA.IG,0.400000000,11/06/2013,56134,,,,,,,,,,,
RPMINT,USD,Senior,NULL,7BDFED,False,,10979,RPM International Inc.,US,Baa3,BBB-,Chemicals_ Plastics and Rubber,Chemicals & Plastics,,,,s9.DJ CDX.NA.IG,0.400000000,11/06/2013,434066,,,,,,,,,,,
RWE,EUR,Senior,NULL,7BDGCJ,False,,10981,RWE Aktiengesellschaft,DE,A1,A,Utilities,Utilities,,,,s9.iTraxx Europe,0.400000000,11/06/2013,374216,,,,,,,,,,,
NULL,USD,Senior,NULL,7FB89D,False,,10984,Ryder System_ Inc.,US,Baa1,BBB+,Cargo Transport,Equipment Leasing,,,,s9.DJ CDX.NA.IG,0.390476190,11/06/2013,5466,,,,,,,,,,,
NULL,USD,Senior,NULL,7FEB65,False,,10986,Safeway Inc.,US,Baa2,BBB,Grocery,Food / Drug retailers,,,,s9.DJ CDX.NA.IG,0.311666667,11/06/2013,5483,,,,,,,,,,,
NULL,USD,Senior,NULL,0A226X,False,,10995,AT&T Inc.,US,A2,A,Telecommunications,Telecommunications - Wireline and Wireless,,,,s9.DJ CDX.NA.IG,0.389130435,11/06/2013,56105,,,,,,,,,,,
SRE,USD,Senior,NULL,897ED6,False,,11007,Sempra Energy,US,Baa1,BBB+,Oil and Gas,Oil & Gas,,,,s9.DJ CDX.NA.IG,0.391330000,11/06/2013,362410,,,,,,,,,,,
NULL,USD,Senior,NULL,8A677C,False,,11015,The Sherwin-Williams Company,US,A3,A-,Chemicals_ Plastics and Rubber,Chemicals & Plastics,,,,s9.DJ CDX.NA.IG,0.393478261,11/06/2013,5672,,,,,,,,,,,
NULL,EUR,Senior,NULL,8A87AG,False,,11016,Siemens Aktiengesellschaft,DE,A1,AA-,Electronics,Conglomerates,,,,s9.iTraxx Europe,0.393200000,11/06/2013,5701,,,,,,,,,,,
SOCGEN,EUR,Senior,NULL,8B69AP,False,,11026,SOCIETE GENERALE,FR,Aa2,AA-,Banking,Financial Intermediaries,,,,s9.iTraxx Europe,0.400000000,11/06/2013,5775,,,,,,,,,,,
SOCGEN,EUR,Subordinated,NULL,8B69AP,False,,11026,SOCIETE GENERALE,FR,Aa2,AA-,Banking,Financial Intermediaries,,,,s9.iTraxx Europe,0.400000000,11/06/2013,5775,,,,,,,,,,,
TLIASS-SoneraFn,EUR,Senior,NULL,X5HDCN,False,,11032,TeliaSonera Finland Oyj,FI,A3,A-,Telecommunications,Telecommunications - Wireline and Wireless,,,,s9.iTraxx Europe,0.393330000,11/06/2013,,,,,,,,,,,,,
NULL,USD,Senior,NULL,8C8BB5,False,,11041,Southwest Airlines Co.,US,Baa1,A-     *-,Personal Transportation,Air Transport,,,,s9.DJ CDX.NA.IG,0.395652174,11/06/2013,395551,,,,,,,,,,,
S,USD,Senior,NULL,8D728N,False,,11043,Sprint Nextel Corporation,US,Baa3   *-,BB,Telecommunications,Telecommunications - Wireline and Wireless,,,,s9.DJ CDX.NA.IG,0.400000000,11/06/2013,5847,,,,,,,,,,,
STNBDK,USD,Senior,NULL,8D9A77,False,,11051,Stanley Black & Decker_ Inc.,US,A2,A,Machinery (Non-Agriculture_ Non-construction_ Non-electronic),Industrial Equipment,,,,s9.DJ CDX.NA.IG,0.390000000,11/06/2013,306621,,,,,,,,,,,
NULL,USD,Senior,NULL,8DAE9A,False,,11052,Starwood Hotels & Resorts Worldwide_ Inc.,US,Baa3,BBB-,Hotels Motels Inns and Gaming,Lodging & Casinos,,,,s9.DJ CDX.NA.IG,0.397222222,11/06/2013,54871,,,,,,,,,,,
NULL,EUR,Senior,NULL,8E831M,False,,11057,Stora Enso Oyj,FI,Ba1,BBB-,Printing and Publishing,Forest Products,,,,s9.iTraxx Europe,0.396400000,11/06/2013,90354,,,,,,,,,,,
NULL,EUR,Senior,NULL,FJ69DE,False,,11058,GDF SUEZ,FR,Aa3,A-     *+,Utilities,Utilities,,,,s9.iTraxx Europe,0.396956522,11/06/2013,733764,,,,,,,,,,,
TGT,USD,Senior,NULL,8FD73G,False,,11070,Target Corporation,US,A2,A+,Retail Stores,Retailers (except food & drugs),,,,s9.DJ CDX.NA.IG,0.400000000,11/06/2013,205093,,,,,,,,,,,
TELENZ,USD,Senior,NULL,8FGB9F,False,,11079,TELECOM CORPORATION OF NEW ZEALAND LIMITED,NZ,A2,A,Telecommunications,Telecommunications - Wireline and Wireless,,,,s9.DJ CDX.NA.IG,0.376790000,11/06/2013,55357,,,,,,,,,,,
TELEFO,EUR,Senior,NULL,8FGCBA,False,,11081,TELEFONICA_ S.A.,ES,Baa1,BBB+,Telecommunications,Telecommunications - Wireline and Wireless,,,,s9.iTraxx Europe,0.397140000,11/06/2013,152279,,,,,,,,,,,
TPSA,EUR,Senior,NULL,8FGD7G,False,,11084,TELEKOMUNIKACJA POLSKA SPOLKA AKCYJNA,PL,A3,BBB+,Telecommunications,N.A.,,,,s9.iTraxx Europe,0.400000000,11/06/2013,,,,,,,,,,,,,
TELNOR,EUR,Senior,NULL,8FGD80,False,,11086,TELENOR ASA,NO,A2,BBB+,Telecommunications,Telecommunications - Wireline and Wireless,,,,s9.iTraxx Europe,0.400000000,11/06/2013,6162,,,,,,,,,,,
TLIASS,EUR,Senior,NULL,W5EDH9,False,,11090,TeliaSonera Aktiebolag,SE,A3,A-,Telecommunications,Telecommunications - Wireline and Wireless,,,,s9.iTraxx Europe,0.400000000,11/06/2013,395562,,,,,,,,,,,
TELECO,USD,Senior,NULL,8FGFFW,False,,11091,TELSTRA CORPORATION LIMITED,AU,A2,A,Telecommunications,Telecommunications - Wireline and Wireless,,,,s9.DJ CDX.NA.IG,0.379990000,11/06/2013,6168,,,,,,,,,,,
TIN,USD,Senior,NULL,8FGHEE,False,,11092,Temple-Inland Inc.,US,Ba1,BBB-,Containers_ Packaging and Glass,Forest Products,,,,s9.DJ CDX.NA.IG,0.391670000,11/06/2013,6172,,,,,,,,,,,
TOL,USD,Senior,NULL,8GHDBF,False,,11113,Toll Brothers_ Inc.,US,WR,BBB-,Buildings and Real Estate,Building & Development,,,,s9.DJ CDX.NA.IG,0.404170000,11/06/2013,412048,,,,,,,,,,,
RIG,USD,Senior,NULL,8HCBB3,False,,11122,Transocean Inc.,US,Baa2,BBB+,Oil and Gas,Oil & Gas,,,,s9.DJ CDX.NA.IG,0.440750000,11/06/2013,428035,,,,,,,,,,,
NULL,USD,Senior,NULL,8HF64B,True,0.0150000000,11123,Tribune Company,US,N.A.,B-,Printing and Publishing,Publishing,,,,s9.DJ CDX.NA.IG,0.393750000,11/06/2013,171791,,,,,,,,,,,
YUM,USD,Senior,NULL,9HGCDH,False,,11124,YUM! Brands_ Inc.,US,Baa2   *-,BBB-,Personal_ Food and Miscellaneous Services,Food Service,,,,s9.DJ CDX.NA.IG,0.392650000,11/06/2013,306630,,,,,,,,,,,
TYCL,USD,Senior,NULL,GPA570,False,,11134,TYCO INTERNATIONAL LTD.,BM,Baa1,BBB,Diversified/Conglomerate Manufacturing,Conglomerates,,,,s9.DJ CDX.NA.IG,0.400000000,11/06/2013,152589,,,,,,,,,,,
NULL,USD,Senior,NULL,9J26DD,False,,11135,Tyson Foods_ Inc.,US,Ba2,BBB-   *-,Beverage_ Food and Tobacco,Food Products,,,,s9.DJ CDX.NA.IG,0.395454545,11/06/2013,395576,,,,,,,,,,,
UNP,USD,Senior,NULL,997F99,False,,11144,Union Pacific Corporation,US,Baa2,BBB,Cargo Transport,Rail Industries,,,,s9.DJ CDX.NA.IG,0.398290000,11/06/2013,6470,,,,,,,,,,,
NULL,EUR,Senior,NULL,9A442R,False,,11152,UNITED UTILITIES PLC,GB,Baa1,A-,Utilities,Utilities,,,,s9.iTraxx Europe,0.394782609,11/06/2013,6506,,,,,,,,,,,
NULL,USD,Senior,NULL,9A4C93,False,,11153,Universal Health Services_ Inc.,US,Baa3,BBB-,Healthcare_ Education and Childcare,Health Care,,,,s9.DJ CDX.NA.IG,0.396875000,11/06/2013,6509,,,,,,,,,,,
NULL,EUR,Senior,NULL,9A6979,False,,11156,UPM-Kymmene Oyj,FI,Baa3,BBB-,Printing and Publishing,Forest Products,,,,s9.iTraxx Europe,0.396400000,11/06/2013,90363,,,,,,,,,,,
IACI-IntAcq,USD,Senior,NULL,4A724Y,False,,11162,Interval Acquisition Corp.,US,Baa3   *-,BB     *-,Broadcasting and Entertainment,Telecommunications - Wireline and Wireless,,,,s9.DJ CDX.NA.IG,0.400000000,11/06/2013,437061,,,,,,,,,,,
MRO,USD,Senior,NULL,5BBDCD,False,,11164,Marathon Oil Corporation,US,Baa1   *-,BBB+   *-,Oil and Gas,Oil & Gas,,,,s9.DJ CDX.NA.IG,0.400000000,11/06/2013,395451,,,,,,,,,,,
NULL,USD,Senior,NULL,9AAA4I,False,,11167,Valero Energy Corporation,US,Baa3   *+,BBB,Oil and Gas,Oil & Gas,,,,s9.DJ CDX.NA.IG,0.393809524,11/06/2013,6539,,,,,,,,,,,
VATFAL,EUR,Senior,NULL,W5GGHN,False,,11173,Vattenfall Aktiebolag,SE,A2,A-,Utilities,Utilities,,,,s9.iTraxx Europe,0.400000000,11/06/2013,44470,,,,,,,,,,,
NULL,USD,Senior,NULL,136CDC,False,,11181,CBS Corporation,US,Baa3,BBB,Broadcasting and Entertainment,Publishing,,,,s9.DJ CDX.NA.IG,0.393478261,11/06/2013,6592,,,,,,,,,,,
NULL,EUR,Senior,NULL,FOGGHN,False,,11187,VIVENDI,FR,Baa2,BBB,Broadcasting and Entertainment,Leisure goods / Activities / Movies,,,,s9.iTraxx Europe,0.393636364,11/06/2013,395592,,,,,,,,,,,
NULL,EUR,Senior,NULL,9BADC3,False,,11188,VODAFONE GROUP PUBLIC LIMITED COMPANY,GB,Baa1,A-,Telecommunications,Telecommunications - Wireless,,,,s9.iTraxx Europe,0.393076923,11/06/2013,109703,,,,,,,,,,,
VW,EUR,Senior,NULL,9BAEC8,False,,11190,VOLKSWAGEN AKTIENGESELLSCHAFT,DE,A3,A-,Automobile,Automotive,,,,s9.iTraxx Europe,0.400000000,11/06/2013,6621,,,,,,,,,,,
WMT,USD,Senior,NULL,9C4256,False,,11194,Wal-Mart Stores_ Inc.,US,Aa2,AA,Retail Stores,Food / Drug retailers,,,,s9.DJ CDX.NA.IG,0.400000000,11/06/2013,6643,,,,,,,,,,,
WPI,USD,Senior,NULL,9D68EB,False,,11198,Watson Pharmaceuticals_ Inc.,US,Ba2,BBB-,Healthcare_ Education and Childcare,Drugs,,,,s9.DJ CDX.NA.IG,0.400000000,11/06/2013,393768,,,,,,,,,,,
NULL,USD,Senior,NULL,9F837C,False,,11211,Weyerhaeuser Company,US,Baa2,BBB,Containers_ Packaging and Glass,Forest Products,,,,s9.DJ CDX.NA.IG,0.393750000,11/06/2013,103380,,,,,,,,,,,
WHR,USD,Senior,NULL,9F9652,False,,11212,Whirlpool Corporation,US,Baa2,BBB,Home and Office Furnishing_ Housewares_ and Durable Consumer Products,Electronics / Electrical,,,,s9.DJ CDX.NA.IG,0.400000000,11/06/2013,6736,,,,,,,,,,,
C,USD,Senior,NULL,189BFD,False,,11233,Citigroup Inc.,US,Aa3,AA-,Banking,Financial Intermediaries,,,,s9.DJ CDX.NA.IG,0.414290000,11/06/2013,74971,,,,,,,,,,,
WFC,USD,Senior,NULL,9DDGBA,False,,11235,Wells Fargo & Company,US,Aa1,AA+,Banking,Financial Intermediaries,,,,s9.DJ CDX.NA.IG,0.400000000,11/06/2013,6685,,,,,,,,,,,
CIT,USD,Senior,NULL,137AD9,True,0.6812500000,11244,CIT Group Inc.,US,Baa1   *-,A-,Finance,Financial Intermediaries,,,,s9.DJ CDX.NA.IG,0.680620000,11/06/2013,1769,,,,,,,,,,,
JPM,USD,Senior,NULL,4C933G,False,,11245,JPMorgan Chase & Co.,US,Aa2,AA-,Banking,Financial Intermediaries,,,,s9.DJ CDX.NA.IG,0.400000000,11/06/2013,53010,,,,,,,,,,,
NULL,USD,Senior,NULL,678B8A,False,,11249,Morgan Stanley,US,A1,A+,Finance,Brokers_ Dealers & Investment Houses,,,,s9.DJ CDX.NA.IG,0.395454545,11/06/2013,2174,,,,,,,,,,,
BACR-Bank,EUR,Senior,NULL,06DABK,False,,11253,BARCLAYS BANK PLC,GB,Aa1,AA,Banking,Financial Intermediaries,,,,s9.iTraxx Europe,0.400000000,11/06/2013,1047,,,,,,,,,,,
HENAGK,EUR,Senior,NULL,467A5U,False,,11261,Henkel AG & Co. KGaA,DE,A2,A,Chemicals_ Plastics and Rubber,Cosmetics / Toiletries,,,,s9.iTraxx Europe,0.400000000,11/06/2013,374200,,,,,,,,,,,
NULL,EUR,Senior,NULL,8EFEDF,False,,11270,Svenska Cellulosa Aktiebolaget SCA,SE,Baa1,BBB+,Printing and Publishing,Forest Products,,,,s9.iTraxx Europe,0.397619048,11/06/2013,6027,,,,,,,,,,,
TSG,USD,Senior,NULL,7FDE95,False,,11272,Sabre Holdings Corporation,US,Caa1,B+,Personal Transportation,Business Equipment & Services,,,,s9.DJ CDX.NA.IG,0.347440000,11/06/2013,439020,,,,,,,,,,,
HEI-HANSN,EUR,Senior,NULL,GK6AEL,False,,11275,HANSON LIMITED,GB,Baa3,BBB-,Buildings and Real Estate,Building & Development,,,,s9.iTraxx Europe,0.364000000,11/06/2013,3117,,,,,,,,,,,
NULL,EUR,Senior,NULL,DLBCG0,False,,11282,ThyssenKrupp AG,DE,Baa2,BBB,Mining_ Steel_ Iron and Non-Precious Metals,Steel,,,,s9.iTraxx Europe,0.394400000,11/06/2013,268961,,,,,,,,,,,
CONTI,EUR,Senior,NULL,2D17E8,False,,11283,Continental Aktiengesellschaft,DE,Baa2,BBB,Automobile,Automotive,,,,s9.iTraxx Europe,0.410000000,11/06/2013,142162,,,,,,,,,,,
NULL,EUR,Senior,NULL,DI537C,False,,11285,Linde Aktiengesellschaft,DE,Baa1,BBB+,Chemicals_ Plastics and Rubber,Chemicals & Plastics,,,,s9.iTraxx Europe,0.396538462,11/06/2013,434449,,,,,,,,,,,
NULL,USD,Senior,NULL,39ABD6,False,,11287,The Gap_ Inc.,US,Ba1,BB+,Retail Stores,Retailers (except food & drugs),,,,s9.DJ CDX.NA.IG,0.395238095,11/06/2013,56101,,,,,,,,,,,
NULL,USD,Senior,NULL,UB78A0,False,,11298,J. C. Penney Company_ Inc.,US,N.A.,N.A.,Retail Stores,Retailers (except food & drugs),,,,s9.DJ CDX.NA.IG,0.388888889,11/06/2013,3493,,,,,,,,,,,
III,EUR,Senior,NULL,GOGCBA,False,,11307,3I Group Plc,GB,A1,A+,Finance,Brokers_ Dealers & Investment Houses,,,,s9.iTraxx Europe,0.400000000,11/06/2013,,,,,,,,,,,,,
ADO,EUR,Senior,NULL,006DC9,False,,11319,Adecco S.A.,CH,Baa2,BBB,Diversified/Conglomerate Services,Business Equipment & Services,,,,s9.iTraxx Europe,0.400000000,11/06/2013,455992,,,,,,,,,,,
AEGON,EUR,Senior,NULL,007GB6,False,,11324,Aegon N.V.,NL,A2,A+,Insurance,Insurance,,,,s9.iTraxx Europe,0.400000000,11/06/2013,44361,,,,,,,,,,,
ALZSE,EUR,Senior,NULL,DD359M,False,,11351,Allianz SE,DE,Aa3,N.A.,Insurance,Insurance,,,,s9.iTraxx Europe,0.400000000,11/06/2013,612858,,,,,,,,,,,
ALL,USD,Senior,NULL,0C2002,False,,11356,The Allstate Corporation,US,A1     *-,N.A.,Insurance,Insurance,,,,s9.DJ CDX.NA.IG,0.400000000,11/06/2013,339,,,,,,,,,,,
ABK,USD,Senior,NULL,0C544C,False,,11361,Ambac Financial Group_ Inc.,US,A3,N.A.,Insurance,Insurance,,,,s9.DJ CDX.NA.IG,0.220000000,11/06/2013,425521,,,,,,,,,,,
AMCOR,USD,Senior,NULL,0C575S,False,,11363,AMCOR LTD,AU,Baa2,BBB,Containers_ Packaging and Glass,Containers & Glass Products,,,,s9.DJ CDX.NA.IG,0.400000000,11/06/2013,376,,,,,,,,,,,
NULL,USD,Senior,NULL,8GFA48,False,,11364,Time Warner Inc.,US,Baa2,BBB+   *-,Broadcasting and Entertainment,Business Equipment & Services,,,,s9.DJ CDX.NA.IG,0.395238095,11/06/2013,44927,,,,,,,,,,,
AXP,USD,Senior,NULL,027D97,False,,11365,American Express Company,US,A1     *-,A+,Banking,Financial Intermediaries,,,,s9.DJ CDX.NA.IG,0.400000000,11/06/2013,43805,,,,,,,,,,,
NULL,USD,Senior,NULL,028EFB,False,,11369,American International Group_ Inc.,US,Aa3,AA-,Insurance,Insurance,,,,s9.DJ CDX.NA.IG,0.395454545,11/06/2013,399,,,,,,,,,,,
NULL,USD,Senior,NULL,0E69A8,False,,11398,Arrow Electronics_ Inc.,US,Baa3,BBB-,Electronics,Electronics / Electrical,,,,s9.DJ CDX.NA.IG,0.395454545,11/06/2013,167059,,,,,,,,,,,
NULL,EUR,Senior,NULL,0E996B,False,,11407,ASSICURAZIONI GENERALI - SOCIETA PER AZIONI,IT,A1,N.A.,Insurance,Insurance,,,,s9.iTraxx Europe,0.397727273,11/06/2013,136606,,,,,,,,,,,
ATCOA,EUR,Senior,NULL,04DB7A,False,,11416,Atlas Copco Aktiebolag,SE,A3,A-,Machinery (Non-Agriculture_ Non-construction_ Non-electronic),Industrial Equipment,,,,s9.iTraxx Europe,0.390000000,11/06/2013,434442,,,,,,,,,,,
AZO,USD,Senior,NULL,0F8665,False,,11426,AutoZone_ Inc.,US,Baa2,BBB,Retail Stores,Retailers (except food & drugs),,,,s9.DJ CDX.NA.IG,0.400000000,11/06/2013,395291,,,,,,,,,,,
AVB,USD,Senior,NULL,0F87CC,False,,11427,AvalonBay Communities_ Inc.,US,Baa1,BBB+,Buildings and Real Estate,REITS,,,,s9.DJ CDX.NA.IG,0.400000000,11/06/2013,411830,,,,,,,,,,,
AXAF,EUR,Senior,NULL,FF667M,False,,11431,AXA,FR,A2,A+,Insurance,Insurance,,,,s9.iTraxx Europe,0.400000000,11/06/2013,152745,,,,,,,,,,,
BAALD-AIR,EUR,Senior,NULL,GG770F,False,,11435,BAA AIRPORTS LIMITED,GB,Baa2   *-,BB-    *,Personal Transportation,Air Transport,,,,s9.iTraxx Europe,0.400000000,11/06/2013,507537,,,,,,,,,,,
BBVSM,EUR,Senior,NULL,EF2985,False,,11450,BANCO BILBAO VIZCAYA ARGENTARIA SOCIEDAD ANONIMA,ES,Aa1,AA,Banking,Financial Intermediaries,,,,s9.iTraxx Europe,0.400000000,11/06/2013,617,,,,,,,,,,,
SANTNDR,EUR,Senior,NULL,EFAGG9,False,,11457,BANCO SANTANDER_ S.A.,ES,Aa1,AA,Banking,Financial Intermediaries,,,,s9.iTraxx Europe,0.400000000,11/06/2013,735,,,,,,,,,,,
ABHLTD,EUR,Senior,NULL,GG26AM,False,,11502,Alliance Boots Holdings Limited,GB,WR,BB-    *-,Retail Stores,Drugs,,,,s9.iTraxx Europe,0.373750000,11/06/2013,507539,,,,,,,,,,,
BC,USD,Senior,NULL,1C8747,False,,11517,BRUNSWICK CORPORATION,US,Baa3,BB+,Leisure_ Amusement and Entertainment,Surface Transport,,,,s9.DJ CDX.NA.IG,0.366670000,11/06/2013,56145,,,,,,,,,,,
NULL,EUR,Senior,NULL,GH8B7I,False,,11527,CADBURY HOLDINGS LIMITED,GB,Baa2,BBB,Beverage_ Food and Tobacco,Beverage & Tobacco,,,,s9.iTraxx Europe,0.395833333,11/06/2013,1378,,,,,,,,,,,
NULL,USD,Senior,NULL,1F55D7,False,,11551,Cardinal Health_ Inc.,US,Baa2,BBB+,Healthcare_ Education and Childcare,Food / Drug retailers,,,,s9.DJ CDX.NA.IG,0.395652174,11/06/2013,412686,,,,,,,,,,,
AVBDGT,USD,Senior,NULL,058AEB,False,,11564,Avis Budget Group_ Inc.,US,WR,BB     *-,N.A.,N.A.,,,,s9.DJ CDX.NA.IG,0.282330000,11/06/2013,52339,,,,,,,,,,,
NULL,USD,Senior,NULL,1G7543,False,,11568,Centex Corporation,US,Ba2,BB,Buildings and Real Estate,Building & Development,,,,s9.DJ CDX.NA.IG,0.393750000,11/06/2013,395318,,,,,,,,,,,
CB,USD,Senior,NULL,1I8355,False,,11588,The Chubb Corporation,US,A2,N.A.,Insurance,Insurance,,,,s9.DJ CDX.NA.IG,0.400000000,11/06/2013,56167,,,,,,,,,,,
CI,USD,Senior,NULL,137A59,False,,11593,CIGNA Corporation,US,Baa2,N.A.,Insurance,Insurance,,,,s9.DJ CDX.NA.IG,0.400000000,11/06/2013,1764,,,,,,,,,,,
CGJ,USD,Senior,NULL,QS8823,False,,11609,COLES GROUP LIMITED,AU,WR,BBB+,Grocery,Food / Drug retailers,,,,s9.DJ CDX.NA.IG,0.383000000,11/06/2013,623050,,,,,,,,,,,
CMC,USD,Senior,NULL,2C1895,False,,11622,Commercial Metals Company,US,Baa2,BBB,Mining_ Steel_ Iron and Non-Precious Metals,Industrial Equipment,,,,s9.DJ CDX.NA.IG,0.400000000,11/06/2013,126492,,,,,,,,,,,
CMZB,EUR,Senior,NULL,2C27EG,False,,11624,COMMERZBANK Aktiengesellschaft,DE,Aa3,A,Banking,Financial Intermediaries,,,,s9.iTraxx Europe,0.400000000,11/06/2013,1903,,,,,,,,,,,
STGOBN,EUR,Senior,NULL,FG872C,False,,11625,COMPAGNIE DE SAINT-GOBAIN,FR,Baa1,BBB+,Containers_ Packaging and Glass,Building & Development,,,,s9.iTraxx Europe,0.400000000,11/06/2013,436505,,,,,,,,,,,
NULL,USD,Senior,NULL,138CAK,False,,11658,CVS Caremark Corp,US,Baa2,BBB+,Retail Stores,Food / Drug retailers,,,,s9.DJ CDX.NA.IG,0.395454545,11/06/2013,395340,,,,,,,,,,,
DRI,USD,Senior,NULL,25A8AD,False,,11674,Darden Restaurants_ Inc.,US,Baa3,BBB,Personal_ Food and Miscellaneous Services,Food Service,,,,s9.DJ CDX.NA.IG,0.392860000,11/06/2013,435342,,,,,,,,,,,
DB,EUR,Senior,NULL,2H6677,False,,11686,DEUTSCHE BANK AKTIENGESELLSCHAFT,DE,Aa1,AA-,Banking,Financial Intermediaries,,,,s9.iTraxx Europe,0.400000000,11/06/2013,2224,,,,,,,,,,,
DVN,USD,Senior,NULL,2H68GV,False,,11690,Devon Energy Corporation,US,Baa1,BBB+,Oil and Gas,Oil & Gas,,,,s9.DJ CDX.NA.IG,0.400000000,11/06/2013,132305,,,,,,,,,,,
DIXON,EUR,Senior,NULL,GIACBA,False,,11693,DIXONS RETAIL PLC,GB,Ba1,N.A.,Retail Stores,Retailers (except food & drugs),,,,s9.iTraxx Europe,0.400000000,11/06/2013,169274,,,,,,,,,,,
ENEL,EUR,Senior,NULL,2BB8B1,False,,11728,ENEL S.P.A.,IT,A2,A-,Utilities,Utilities,,,,s9.iTraxx Europe,0.400000000,11/06/2013,395355,,,,,,,,,,,
FNMA,USD,Senior,NULL,3E48EV,True,0.9151000000,11754,Federal National Mortgage Association,US,Aaa,N.A.,Finance,Sovereign,,,,s9.DJ CDX.NA.IG,0.915080000,11/06/2013,2577,,,,,,,,,,,
FBG,USD,Senior,NULL,3I527D,False,,11786,FOSTER'S GROUP LIMITED,AU,Baa2,BBB,Beverage_ Food and Tobacco,Beverage & Tobacco,,,,s9.DJ CDX.NA.IG,0.400000000,11/06/2013,809724,,,,,,,,,,,
FHLMC,USD,Senior,NULL,343A80,True,0.9400000000,11791,Federal Home Loan Mortgage Corporation,US,Aaa,N.A.,Finance,Sovereign,,,,s9.DJ CDX.NA.IG,0.940000000,11/06/2013,2575,,,,,,,,,,,
JAPTOB-GGL,EUR,Senior,NULL,GJA78P,False,,11807,GALLAHER GROUP LIMITED,GB,Aa3,A+,Beverage_ Food and Tobacco,Beverage & Tobacco,,,,s9.iTraxx Europe,0.400000000,11/06/2013,28551,,,,,,,,,,,
EXPGRL-EXPFIN,EUR,Senior,NULL,GJ57CT,False,,11839,Experian Finance PLC,GB,Baa1,BBB+,Retail Stores,Retailers (except food & drugs),,,,s9.iTraxx Europe,0.400000000,11/06/2013,1136551,,,,,,,,,,,
HIG,USD,Senior,NULL,457B66,False,,11852,The Hartford Financial Services Group_ Inc.,US,A2,N.A.,Insurance,Insurance,,,,s9.DJ CDX.NA.IG,0.400000000,11/06/2013,395386,,,,,,,,,,,
HCPI,USD,Senior,NULL,4E455P,False,,11856,HCP_ Inc,US,Baa3,BBB,Buildings and Real Estate,Building & Development,,,,s9.DJ CDX.NA.IG,0.400000000,11/06/2013,444834,,,,,,,,,,,
HMA,USD,Senior,NULL,UY6445,False,,11857,Health Management Associates_ Inc.,US,WR,B+,Healthcare_ Education and Childcare,Health Care,,,,s9.DJ CDX.NA.IG,0.387500000,11/06/2013,428044,,,,,,,,,,,
HUWHY,USD,Senior,NULL,48CC56,False,,11895,Hutchison Whampoa Limited,HK,A3,A-,Diversified/Conglomerate Services,Conglomerates,,,,s9.DJ CDX.NA.IG,0.388330000,11/06/2013,3262,,,,,,,,,,,
NULL,USD,Senior,NULL,Y1BDCC,False,,11901,ICICI Bank Limited,IN,Baa2,BBB-,Finance,Financial Intermediaries,,,,s9.DJ CDX.NA.IG,0.225000000,11/06/2013,3346,,,,,,,,,,,
IMPTOB,EUR,Senior,NULL,4J8456,False,,11910,IMPERIAL TOBACCO GROUP PLC,GB,Baa3,BBB,Beverage_ Food and Tobacco,Beverage & Tobacco,,,,s9.iTraxx Europe,0.400000000,11/06/2013,179796,,,,,,,,,,,
SFI,USD,Senior,NULL,4J534V,False,,11940,iStar Financial Inc.,US,Baa3,BBB,Buildings and Real Estate,REITS,,,,s9.DJ CDX.NA.IG,0.615500000,11/06/2013,300637,,,,,,,,,,,
JNGRP,USD,Senior,NULL,4C807B,False,,11955,The Jones Group Inc.,US,Ba1,BB,Home and Office Furnishing_ Housewares_ and Durable Consumer Products,Clothing / Textiles,,,,s9.DJ CDX.NA.IG,0.390000000,11/06/2013,60958,,,,,,,,,,,
KINGFI,EUR,Senior,NULL,4DEC96,False,,11992,KINGFISHER PLC,GB,Baa3,BBB-,Retail Stores,Building & Development,,,,s9.iTraxx Europe,0.400000000,11/06/2013,171574,,,,,,,,,,,
NULL,USD,Senior,NULL,576D98,True,0.0862500000,12022,Lehman Brothers Holdings Inc.,US,A2,A,Finance,Brokers_ Dealers & Investment Houses,,,,s9.DJ CDX.NA.IG,0.395454545,11/06/2013,3802,,,,,,,,,,,
LTR,USD,Senior,NULL,5J4466,False,,12036,Loews Corporation,US,A3,A,Insurance,Conglomerates,,,,s9.DJ CDX.NA.IG,0.400000000,11/06/2013,412388,,,,,,,,,,,
LPX,USD,Senior,NULL,59A97B,False,,12037,Louisiana-Pacific Corporation,US,Ba2,BB+    *-,Printing and Publishing,Forest Products,,,,s9.DJ CDX.NA.IG,0.475000000,11/06/2013,136618,,,,,,,,,,,
NULL,USD,Senior,NULL,5C8A93,False,,12056,Marriott International_ Inc.,US,Baa2,BBB,Hotels Motels Inns and Gaming,Lodging & Casinos,,,,s9.DJ CDX.NA.IG,0.395652174,11/06/2013,3956,,,,,,,,,,,
MMC,USD,Senior,NULL,5C88BC,False,,12057,MARSH & McLENNAN COMPANIES_ INC.,US,Baa2,N.A.,Insurance,Insurance,,,,s9.DJ CDX.NA.IG,0.400000000,11/06/2013,137067,,,,,,,,,,,
MAT,USD,Senior,NULL,5CE789,False,,12068,MATTEL_ INC.,US,Baa2,BBB-,Leisure_ Amusement and Entertainment,Leisure goods / Activities / Movies,,,,s9.DJ CDX.NA.IG,0.400000000,11/06/2013,432962,,,,,,,,,,,
MBI,USD,Senior,NULL,5A788E,False,,12072,MBIA Inc.,US,Baa2,N.A.,Insurance,Insurance,,,,s9.DJ CDX.NA.IG,0.393000000,11/06/2013,149500,,,,,,,,,,,
NULL,USD,Senior,NULL,5EA6BX,False,,12088,MetLife_ Inc.,US,A2,N.A.,Insurance,Insurance,,,,s9.DJ CDX.NA.IG,0.395238095,11/06/2013,411921,,,,,,,,,,,
NULL,EUR,Senior,NULL,DI8CFE,False,,12091,METRO AG,DE,Baa2,BBB+,Retail Stores,Food / Drug retailers,,,,s9.iTraxx Europe,0.398076923,11/06/2013,434450,,,,,,,,,,,
NYT,USD,Senior,NULL,6B5122,False,,12166,THE NEW YORK TIMES COMPANY,US,Baa3,BBB-   *-,Broadcasting and Entertainment,Publishing,,,,s9.DJ CDX.NA.IG,0.390000000,11/06/2013,428441,,,,,,,,,,,
NULL,USD,Senior,NULL,9HC57C,False,,12199,Xstrata Canada Corporation,CA,Baa2,BBB+   *-,Mining_ Steel_ Iron and Non-Precious Metals,Nonferrous Metals / Minerals,,,,s9.DJ CDX.NA.IG,0.394444444,11/06/2013,2543,,,,,,,,,,,
NUE,USD,Senior,NULL,6D737A,False,,12216,NUCOR CORPORATION,US,A1,A+,Mining_ Steel_ Iron and Non-Precious Metals,Steel,,,,s9.DJ CDX.NA.IG,0.399790000,11/06/2013,331214,,,,,,,,,,,
OKE,USD,Senior,NULL,6EA8E8,False,,12237,ONEOK_ Inc.,US,Baa2,BBB,Utilities,Utilities,,,,s9.DJ CDX.NA.IG,0.400000000,11/06/2013,118115,,,,,,,,,,,
ORIX,JPY,Senior,NULL,6EE963,False,,12240,ORIX CORPORATION,JP,A3,A-,Finance,Equipment Leasing,,,,s9.DJ CDX.NA.IG,0.315710000,11/06/2013,4702,,,,,,,,,,,
PACKAM,USD,Senior,NULL,6FE66B,False,,12251,Packaging Corporation Of America,US,Baa3,BBB,Containers_ Packaging and Glass,Forest Products,,,,s9.DJ CDX.NA.IG,0.390000000,11/06/2013,135577,,,,,,,,,,,
RSH,USD,Senior,NULL,7C547B,False,,12333,RadioShack Corporation,US,Ba1,BB,Retail Stores,Retailers (except food & drugs),,,,s9.DJ CDX.NA.IG,0.400000000,11/06/2013,386505,,,,,,,,,,,
TMSNRP-TRGL,EUR,Senior,NULL,GOGAAO,False,,12355,THOMSON REUTERS GROUP LIMITED,GB,Baa1,A-,Printing and Publishing,Business Equipment & Services,,,,s9.iTraxx Europe,0.400000000,11/06/2013,381821,,,,,,,,,,,
RYL,USD,Senior,NULL,7FBADA,False,,12379,The Ryland Group_ Inc.,US,Ba2,BB+,Buildings and Real Estate,Building & Development,,,,s9.DJ CDX.NA.IG,0.400000000,11/06/2013,54152,,,,,,,,,,,
AYLL,EUR,Senior,NULL,GNEDEU,False,,12381,SAFEWAY LIMITED,GB,Baa1,WR,Grocery,Food / Drug retailers,,,,s9.iTraxx Europe,0.398210000,11/06/2013,179797,,,,,,,,,,,
SBRY,EUR,Senior,NULL,4AC86D,False,,12382,J SAINSBURY PLC,GB,WR,BBB-,Grocery,Food / Drug retailers,,,,s9.iTraxx Europe,0.400000000,11/06/2013,3492,,,,,,,,,,,
SLE,USD,Senior,NULL,8I3422,False,,12394,Sara Lee Corporation,US,Baa1,BBB+,Beverage_ Food and Tobacco,Food Products,,,,s9.DJ CDX.NA.IG,0.400000000,11/06/2013,5553,,,,,,,,,,,
NULL,EUR,Senior,NULL,FN9AG2,False,,12407,SCOR SE,FR,A3,A-,Insurance,Insurance,,,,s9.iTraxx Europe,0.394444444,11/06/2013,,,,,,,,,,,,,
NULL,EUR,Senior,NULL,GNGB6K,False,,12409,SCOTTISH & NEWCASTLE LIMITED,GB,N.A.,BBB-   *,Beverage_ Food and Tobacco,Beverage & Tobacco,,,,s9.iTraxx Europe,0.392857143,11/06/2013,331215,,,,,,,,,,,
SEE,USD,Senior,NULL,8J332L,False,,12412,Sealed Air Corporation,US,Baa3,BBB-,Containers_ Packaging and Glass,Containers & Glass Products,,,,s9.DJ CDX.NA.IG,0.400000000,11/06/2013,152864,,,,,,,,,,,
SMIN,EUR,Senior,NULL,GOA641,False,,12461,Smiths Group PLC,GB,Baa2,BBB+,Diversified/Conglomerate Manufacturing,Industrial Equipment,,,,s9.iTraxx Europe,0.390000000,11/06/2013,507568,,,,,,,,,,,
NULL,JPY,Senior,NULL,8B8BFI,False,,12474,Sony Corporation,JP,A2,A-,Electronics,Electronics / Electrical,,,,s9.DJ CDX.NA.IG,0.336111111,11/06/2013,5803,,,,,,,,,,,
SWREL,EUR,Senior,NULL,HOB65N,False,,12537,Swiss Reinsurance Company Ltd,CH,Aa2,AA-,Insurance,Insurance,,,,s9.iTraxx Europe,0.400000000,11/06/2013,428055,,,,,,,,,,,
TATELN,EUR,Senior,NULL,8FDBC7,False,,12551,TATE & LYLE PUBLIC LIMITED COMPANY,GB,Baa2,BBB,Beverage_ Food and Tobacco,Food / Drug retailers,,,,s9.iTraxx Europe,0.400000000,11/06/2013,6128,,,,,,,,,,,
NULL,EUR,Senior,NULL,8G96CC,False,,12566,TESCO PLC,GB,A3,A-,Grocery,Food / Drug retailers,,,,s9.iTraxx Europe,0.395833333,11/06/2013,90356,,,,,,,,,,,
TJX,USD,Senior,NULL,8F9794,False,,12577,The TJX Companies_ Inc.,US,A3,A,Retail Stores,Retailers (except food & drugs),,,,s9.DJ CDX.NA.IG,0.397530000,11/06/2013,6239,,,,,,,,,,,
UBS,EUR,Senior,NULL,HPHB2J,False,,12622,UBS AG,CH,Aa2,AA-,Banking,Financial Intermediaries,,,,s9.iTraxx Europe,0.400000000,11/06/2013,6453,,,,,,,,,,,
UBS,EUR,Subordinated,NULL,HPHB2J,False,,12622,UBS AG,CH,Aa2,AA-,Banking,Financial Intermediaries,,,,s9.iTraxx Europe,0.400000000,11/06/2013,6453,,,,,,,,,,,
ULVR,EUR,Senior,NULL,994BFC,False,,12630,Unilever N.V.,NL,A1,A+,Personal and NonDurable Consumer Products (Manufacturing only),Food Products,,,,s9.iTraxx Europe,0.400000000,11/06/2013,6440,,,,,,,,,,,
VFC,USD,Senior,NULL,9A9A24,False,,12667,V.F. Corporation,US,A3,A-,Home and Office Furnishing_ Housewares_ and Durable Consumer Products,Clothing / Textiles,,,,s9.DJ CDX.NA.IG,0.398570000,11/06/2013,6590,,,,,,,,,,,
NIECO,EUR,Senior,NULL,NT952F,False,,12678,The Nielsen Company B.V.,NL,Caa1,B,Printing and Publishing,Publishing,,,,s9.iTraxx Europe,0.345000000,11/06/2013,90366,,,,,,,,,,,
WEN,USD,Senior,NULL,9E55E9,False,,12698,Wendy's International_ Inc.,US,Ba3    *-,BB-    *-,Personal_ Food and Miscellaneous Services,Food Service,,,,s9.DJ CDX.NA.IG,0.380000000,11/06/2013,195230,,,,,,,,,,,
ZINCO,EUR,Senior,NULL,9HHHAR,False,,12735,Zurich Insurance Company Ltd,CH,A2,AA-,Insurance,Insurance,,,,s9.iTraxx Europe,0.400000000,11/06/2013,44839,,,,,,,,,,,
ARMLL,EUR,Senior,NULL,LL332J,False,,12814,ArcelorMittal,NL,Baa2,BBB+,Mining_ Steel_ Iron and Non-Precious Metals,N.A.,,,,s9.iTraxx Europe,0.392860000,11/06/2013,,,,,,,,,,,,,
NULL,USD,Senior,NULL,5A78LP,False,,12902,MBIA Insurance Corporation,US,A2,N.A.,Insurance,Insurance,,,,s9.DJ CDX.NA.IG,0.400000000,11/06/2013,3976,,,,,,,,,,,
EOP-EOPOpLP,USD,Senior,NULL,28EFDC,False,,12919,EOP Operating Limited Partnership,US,WR,BBB    *-,Buildings and Real Estate,Building & Development,,,,s9.DJ CDX.NA.IG,0.400000000,11/06/2013,80200,,,,,,,,,,,
ACE,USD,Senior,NULL,0A4848,False,,12920,ACE LIMITED,BM,N.A.,N.A.,Insurance,Insurance,,,,s9.DJ CDX.NA.IG,0.400000000,11/06/2013,136432,,,,,,,,,,,
ALLYFI,USD,Senior,NULL,3J79EI,False,,12943,Ally Financial Inc.,US,B3,B-,Automobile,Automotive,,,,s9.DJ CDX.NA.IG,0.533810000,11/06/2013,2842,,,,,,,,,,,
NULL,USD,Senior,NULL,49EGB9,False,,12945,International Lease Finance Corporation,US,A1,A+,Finance,Equipment Leasing,,,,s9.DJ CDX.NA.IG,0.394000000,11/06/2013,3420,,,,,,,,,,,
CITNAT,USD,Senior,NULL,5F04DH,False,,12948,Kookmin Bank,KR,Aa3,A,Banking,Financial Intermediaries,,,,s9.DJ CDX.NA.IG,0.385710000,11/06/2013,3668,,,,,,,,,,,
TIIMN,EUR,Senior,NULL,T2B9EF,False,,12960,TELECOM ITALIA SPA,IT,Baa2,BBB,Telecommunications,Telecommunications - Wireline and Wireless,,,,s9.iTraxx Europe,0.395710000,11/06/2013,258661,,,,,,,,,,,
PPR,EUR,Senior,NULL,FMB84F,False,,12965,PPR,FR,N.A.,BBB-,Retail Stores,Retailers (except food & drugs),,,,s9.iTraxx Europe,0.400000000,11/06/2013,224015,,,,,,,,,,,
SCANIA,EUR,Senior,NULL,8I6619,False,,12968,SCANIA Aktiebolag,SE,N.A.,A-,Automobile,Automotive,,,,s9.iTraxx Europe,0.394000000,11/06/2013,90351,,,,,,,,,,,
FINMEC,EUR,Senior,NULL,3E9829,False,,12969,FINMECCANICA S.P.A.,IT,A3     *-,BBB    *-,Aerospace and Defence,Aerospace & Defence,,,,s9.iTraxx Europe,0.400000000,11/06/2013,142168,,,,,,,,,,,
VLVY,EUR,Senior,NULL,9BAGDB,False,,12977,Aktiebolaget Volvo,SE,A3,N.A.,Automobile,Automotive,,,,s9.iTraxx Europe,0.400000000,11/06/2013,434498,,,,,,,,,,,
UNROSE,EUR,Senior,NULL,FF3BEL,False,,12982,UNIBAIL-RODAMCO SE,FR,A3,A,Buildings and Real Estate,N.A.,,,,s9.iTraxx Europe,0.400000000,11/06/2013,791391,,,,,,,,,,,
COF-BNKNA,USD,Senior,NULL,1F445B,False,,13041,Capital One Bank (USA)_ National Association,US,A2,A-,Banking,Financial Intermediaries,,,,s9.DJ CDX.NA.IG,0.400000000,11/06/2013,1512,,,,,,,,,,,
RUSSIA,EUR,Senior,NULL,7FB37H,False,,13055,Russian Federation,RU,N.A.,BBB+,Sovereign and Supranational,Sovereign,,,,s9.iTraxx Europe,0.250000000,11/06/2013,8010,,,,,,,,,,,
HYNMTR,USD,Senior,NULL,48DA9F,False,,13071,Hyundai Motor Company,KR,WR,BBB-,Automobile,N.A.,,,,s9.DJ CDX.NA.IG,0.371670000,11/06/2013,1036915,,,,,,,,,,,
ACCOR,EUR,Senior,NULL,0A477B,False,,13093,ACCOR,FR,N.A.,BBB,Hotels Motels Inns and Gaming,Lodging & Casinos,,,,s9.iTraxx Europe,0.400000000,11/06/2013,177636,,,,,,,,,,,
AET,USD,Senior,NULL,0A8985,False,,13109,Aetna Inc.,US,A3,N.A.,Insurance,Insurance,,,,s9.DJ CDX.NA.IG,0.400000000,11/06/2013,174809,,,,,,,,,,,
TRANE,USD,Senior,NULL,8HBAHC,False,,13158,Trane Inc.,US,N.A.,N.A.,Buildings and Real Estate,Industrial Equipment,,,,s9.DJ CDX.NA.IG,0.400000000,11/06/2013,269645,,,,,,,,,,,
BCPN,EUR,Senior,NULL,05EDBG,False,,13193,Banco Comercial Portugues_ S.A.,PT,Aa3,A,Banking,Financial Intermediaries,,,,s9.iTraxx Europe,0.400000000,11/06/2013,635,,,,,,,,,,,
ESPSAN,EUR,Senior,NULL,XX37B2,False,,13202,Banco Espirito Santo_ S.A.,PT,Aa3,A,Banking,Financial Intermediaries,,,,s9.iTraxx Europe,0.400000000,11/06/2013,680,,,,,,,,,,,
SANPAO,EUR,Senior,NULL,TYA56D,False,,13214,INTESA SANPAOLO SPA,IT,Aa2,AA-,Banking,Financial Intermediaries,,,,s9.iTraxx Europe,0.400000000,11/06/2013,116638,,,,,,,,,,,
MONTE,EUR,Senior,NULL,TU29GI,False,,13222,BANCA MONTE DEI PASCHI DI SIENA S.P.A.,IT,Aa3,A,Banking,Financial Intermediaries,,,,s9.iTraxx Europe,0.400000000,11/06/2013,582,,,,,,,,,,,
BRAMI,USD,Senior,NULL,1C37DD,False,,13224,BROOKFIELD ASSET MANAGEMENT INC.,CA,Baa2,A-,Buildings and Real Estate,Building & Development,,,,s9.DJ CDX.NA.IG,0.400000000,11/06/2013,3144,,,,,,,,,,,
CNAFNL,USD,Senior,NULL,1D8728,False,,13328,CNA Financial Corporation,US,Baa3,N.A.,Insurance,Insurance,,,,s9.DJ CDX.NA.IG,0.400000000,11/06/2013,389659,,,,,,,,,,,
NULL,EUR,Senior,NULL,GLCG9V,False,,13419,MAN GROUP PLC,GB,Baa1,N.A.,Finance,Brokers_ Dealers & Investment Houses,,,,s9.iTraxx Europe,0.378571429,11/06/2013,507554,,,,,,,,,,,
HNT,USD,Senior,NULL,4G444I,False,,13461,Health Net_ Inc.,US,Ba3,N.A.,Healthcare_ Education and Childcare,Insurance,,,,s9.DJ CDX.NA.IG,0.383330000,11/06/2013,,,,,,,,,,,,,
AGASNV,EUR,Senior,NULL,37DEKK,False,,13473,ageas N.V.,BE,N.A.,N.A.,Banking,Financial Intermediaries,,,,s9.iTraxx Europe,0.400000000,11/06/2013,2856,,,,,,,,,,,
NULL,USD,Senior,NULL,3B955H,False,,13519,The Goldman Sachs Group_ Inc.,US,Aa3,AA-,Finance,Brokers_ Dealers & Investment Houses,,,,s9.DJ CDX.NA.IG,0.395238095,11/06/2013,2916,,,,,,,,,,,
HANRUE,EUR,Senior,NULL,DG316O,False,,13555,Hannover Rueckversicherung AG,DE,A2,N.A.,Insurance,Insurance,,,,s9.iTraxx Europe,0.400000000,11/06/2013,391825,,,,,,,,,,,
OTE,EUR,Senior,NULL,4G5657,False,,13560,HELLENIC TELECOMMUNICATIONS ORGANISATION SOCIETE ANONYME,GR,N.A.,BBB+,Telecommunications,Telecommunications - Wireline and Wireless,,,,s9.iTraxx Europe,0.388330000,11/06/2013,116452,,,,,,,,,,,
UCBAG,EUR,Senior,NULL,0H99A8,False,,13563,UniCredit Bank AG,DE,A1,A+,Banking,Financial Intermediaries,,,,s9.iTraxx Europe,0.361070000,11/06/2013,56990,,,,,,,,,,,
IGT,USD,Senior,NULL,49EI92,False,,13580,International Game Technology,US,Baa2,BBB,Hotels Motels Inns and Gaming,Business Equipment & Services,,,,s9.DJ CDX.NA.IG,0.400000000,11/06/2013,28558,,,,,,,,,,,
K,USD,Senior,NULL,4CFFB9,False,,13618,KELLOGG COMPANY,US,A3,BBB+,Beverage_ Food and Tobacco,Food Products,,,,s9.DJ CDX.NA.IG,0.400000000,11/06/2013,3606,,,,,,,,,,,
EEP,USD,Senior,NULL,2BB75R,False,,13652,Enbridge Energy Partners_ L.P.,US,Baa2,BBB,Oil and Gas,Oil & Gas,,,,s9.DJ CDX.NA.IG,0.390000000,11/06/2013,3728,,,,,,,,,,,
LIZ,USD,Senior,NULL,58CC52,False,,13655,Liz Claiborne_ Inc.,US,Baa3,BB+,Home and Office Furnishing_ Housewares_ and Durable Consumer Products,Clothing / Textiles,,,,s9.DJ CDX.NA.IG,0.384000000,11/06/2013,395441,,,,,,,,,,,
MGIC,USD,Senior,NULL,5A7AC9,False,,13735,MGIC Investment Corporation,US,Baa1,N.A.,Insurance,Insurance,,,,s9.DJ CDX.NA.IG,0.408300000,11/06/2013,428421,,,,,,,,,,,
NESTLE,EUR,Senior,NULL,6A516F,False,,13766,Nestle S.A.,CH,Aa1,AA,Beverage_ Food and Tobacco,Food Products,,,,s9.iTraxx Europe,0.400000000,11/06/2013,4433,,,,,,,,,,,
NULL,USD,Senior,NULL,6BA9CX,False,,13768,Norbord Inc.,CA,Ba2,BB,Printing and Publishing,Forest Products,,,,s9.DJ CDX.NA.IG,0.395000000,11/06/2013,4542,,,,,,,,,,,
NSINO,EUR,Senior,NULL,RZ8039,False,,13785,Norske Skogindustrier ASA,NO,B1,BB-    *-,Printing and Publishing,Forest Products,,,,s9.iTraxx Europe,0.383330000,11/06/2013,90344,,,,,,,,,,,
NULL,USD,Senior,NULL,6E9AAA,False,,13806,Omnicom Group Inc.,US,Baa1,A-,Broadcasting and Entertainment,Business Equipment & Services,,,,s9.DJ CDX.NA.IG,0.393750000,11/06/2013,164744,,,,,,,,,,,
OLDMUT,EUR,Senior,NULL,6E8034,False,,13808,OLD MUTUAL PUBLIC LIMITED COMPANY,GB,A3,N.A.,Insurance,Insurance,,,,s9.iTraxx Europe,0.400000000,11/06/2013,151760,,,,,,,,,,,
NULL,USD,Senior,NULL,7B9DED,False,,13843,PulteGroup_ Inc.,US,Ba2,N.A.,Buildings and Real Estate,Building & Development,,,,s9.DJ CDX.NA.IG,0.393478261,11/06/2013,395508,,,,,,,,,,,
PMI,USD,Senior,NULL,6FC78Q,False,,13861,The PMI Group_ Inc.,US,Baa3,N.A.,Insurance,Insurance,,,,s9.DJ CDX.NA.IG,0.410140000,11/06/2013,200177,,,,,,,,,,,
REEDLN,EUR,Senior,NULL,7CDA25,False,,13912,REED ELSEVIER PLC,GB,N.A.,A-,Printing and Publishing,Publishing,,,,s9.iTraxx Europe,0.393330000,11/06/2013,395513,,,,,,,,,,,
REXAM,EUR,Senior,NULL,7D77BA,False,,13915,REXAM PLC,GB,Baa3,BBB,Containers_ Packaging and Glass,Containers & Glass Products,,,,s9.iTraxx Europe,0.397500000,11/06/2013,151805,,,,,,,,,,,
TAP,USD,Senior,NULL,668F8S,False,,13924,Molson Coors Brewing Company,US,WR,BBB,Beverage_ Food and Tobacco,Beverage & Tobacco,,,,s9.DJ CDX.NA.IG,0.400000000,11/06/2013,806287,,,,,,,,,,,
RENTPL,EUR,Senior,NULL,GNC58N,False,,13943,Rentokil Initial 1927 Plc,GB,N.A.,BBB-,Diversified/Conglomerate Services,Conglomerates,,,,s9.iTraxx Europe,0.388000000,11/06/2013,507559,,,,,,,,,,,
FERRUZ,EUR,Senior,NULL,TW8A7X,False,,13969,EDISON S.P.A.,IT,Baa2,BBB+,Utilities,Utilities,,,,s9.iTraxx Europe,0.400000000,11/06/2013,857931,,,,,,,,,,,
NULL,USD,Senior,NULL,8EED89,False,,14052,SUPERVALU INC.,US,B1,BB-,Grocery,Food / Drug retailers,,,,s9.DJ CDX.NA.IG,0.395238095,11/06/2013,343545,,,,,,,,,,,
DEXO,EUR,Senior,NULL,FND50F,False,,14053,SODEXO,FR,N.A.,BBB+,Personal_ Food and Miscellaneous Services,Food Service,,,,s9.iTraxx Europe,0.400000000,11/06/2013,395549,,,,,,,,,,,
NULL,USD,Senior,NULL,8FGG8N,False,,14062,TELUS Corporation,CA,Baa1,BBB+,Telecommunications,Telecommunications - Wireless,,,,s9.DJ CDX.NA.IG,0.391666667,11/06/2013,6169,,,,,,,,,,,
TELMAL,USD,Senior,NULL,8FGD6W,False,,14063,Telekom Malaysia Berhad,MY,A3,A-,Telecommunications,Telecommunications - Wireline and Wireless,,,,s9.DJ CDX.NA.IG,0.384380000,11/06/2013,,,,,,,,,,,,,
TE,USD,Senior,NULL,8F95AC,False,,14073,TECO Energy_ Inc.,US,Baa3,BBB-,Utilities,Utilities,,,,s9.DJ CDX.NA.IG,0.390000000,11/06/2013,84416,,,,,,,,,,,
TECFPN,EUR,Senior,NULL,FO96DD,False,,14075,TECHNIP,FR,N.A.,BBB,Oil and Gas,Building & Development,,,,s9.iTraxx Europe,0.400000000,11/06/2013,531234,,,,,,,,,,,
TNT,EUR,Senior,NULL,NVECD9,False,,14101,TNT N.V.,NL,A3,BBB+,Cargo Transport,Surface Transport,,,,s9.iTraxx Europe,0.400000000,11/06/2013,966378,,,,,,,,,,,
USPA,EUR,Senior,NULL,T2F69Z,False,,14128,UniCredit S.p.A.,IT,Aa2,A+,Banking,Financial Intermediaries,,,,s9.iTraxx Europe,0.400000000,11/06/2013,2070,,,,,,,,,,,
PEUGOT,EUR,Senior,NULL,6FC9LG,False,,14136,PEUGEOT SA,FR,Baa1,BBB+,Automobile,Automotive,,,,s9.iTraxx Europe,0.400000000,11/06/2013,314096,,,,,,,,,,,
UNH,USD,Senior,NULL,9A456T,False,,14140,UnitedHealth Group Incorporated,US,Baa1,WR,Healthcare_ Education and Childcare,Health Care,,,,s9.DJ CDX.NA.IG,0.399870000,11/06/2013,804242,,,,,,,,,,,
USTLLC,USD,Senior,NULL,992BA2,False,,14150,UST LLC,US,A3,A,Beverage_ Food and Tobacco,Beverage & Tobacco,,,,s9.DJ CDX.NA.IG,0.400000000,11/06/2013,149459,,,,,,,,,,,
UVV,USD,Senior,NULL,9A479B,False,,14152,Universal Corporation,US,Ba2,BBB-,Beverage_ Food and Tobacco,Beverage & Tobacco,,,,s9.DJ CDX.NA.IG,0.400000000,11/06/2013,,,,,,,,,,,,,
NULL,EUR,Senior,NULL,9GEFFB,False,,14207,Wolters Kluwer N.V.,NL,Baa1,BBB+,Printing and Publishing,Publishing,,,,s9.iTraxx Europe,0.392000000,11/06/2013,56570,,,,,,,,,,,
WM,USD,Senior,NULL,9CCC54,True,0.4600000000,14208,Washington Mutual_ Inc.,US,Baa3   *-,BBB-,Banking,Financial Intermediaries,,,,s9.DJ CDX.NA.IG,0.675000000,11/06/2013,6656,,,,,,,,,,,
WM,USD,Senior,NULL,9CCC54,True,0.5700000000,14208,Washington Mutual_ Inc.,US,Baa3   *-,BBB-,Banking,Financial Intermediaries,,,,s9.DJ CDX.NA.IG,0.675000000,11/06/2013,6656,,,,,,,,,,,
WPPGRP-2005,EUR,Senior,NULL,GPGFFQ,False,,14213,WPP 2005 LIMITED,GB,Baa2,BBB+   *-,Broadcasting and Entertainment,Business Equipment & Services,,,,s9.iTraxx Europe,0.391670000,11/06/2013,178424,,,,,,,,,,,
NULL,USD,Senior,NULL,2C02BL,False,,14239,Comcast Cable Communications_ LLC,US,Baa2,BBB+,Broadcasting and Entertainment,Cable & Satellite Television,,,,s9.DJ CDX.NA.IG,0.394000000,11/06/2013,551332,,,,,,,,,,,
POHANG,USD,Senior,NULL,6FC7CB,False,,14244,POSCO,KR,A1,A,Mining_ Steel_ Iron and Non-Precious Metals,Steel,,,,s9.DJ CDX.NA.IG,0.383750000,11/06/2013,5063,,,,,,,,,,,
WOWAU,USD,Senior,NULL,9H88GG,False,,20316,WOOLWORTHS LTD,AU,A3,A-,Retail Stores,Food / Drug retailers,,,,s9.DJ CDX.NA.IG,0.400000000,11/06/2013,612857,,,,,,,,,,,
MICH-CoFinMich,EUR,Senior,NULL,2C47IG,False,,20761,Compagnie Financiere Michelin,CH,Baa2,BBB,Automobile,Automotive,,,,s9.iTraxx Europe,0.396250000,11/06/2013,395459,,,,,,,,,,,
NULL,EUR,Senior,NULL,DF796P,False,,21063,EnBW Energie Baden-Wuerttemberg AG,DE,A2,A-,Utilities,Utilities,,,,s9.iTraxx Europe,0.396315789,11/06/2013,379911,,,,,,,,,,,
SUEDZU,EUR,Senior,NULL,DLA9F9,False,,21304,Suedzucker Aktiengesellschaft Mannheim/Ochsenfurt,DE,Baa2,BBB,Beverage_ Food and Tobacco,Food Products,,,,s9.iTraxx Europe,0.400000000,11/06/2013,,,,,,,,,,,,,
NULL,EUR,Senior,NULL,687DNG,False,,21349,Muenchener Rueckversicherungs-Gesellschaft Aktiengesellschaft in Muenchen,DE,Aa3,N.A.,Insurance,Insurance,,,,s9.iTraxx Europe,0.397826087,11/06/2013,259585,,,,,,,,,,,
ELIAC,EUR,Senior,NULL,XYAE5F,False,,21564,Elisa Oyj,FI,Baa2,BBB,Telecommunications,Telecommunications - Wireline and Wireless,,,,s9.iTraxx Europe,0.393330000,11/06/2013,981295,,,,,,,,,,,
SASY,EUR,Senior,NULL,FN939M,False,,21899,Sanofi-Aventis,FR,A1,AA-,Healthcare_ Education and Childcare,Drugs,,,,s9.iTraxx Europe,0.400000000,11/06/2013,395528,,,,,,,,,,,
HOFP,EUR,Senior,NULL,8GB53A,False,,22024,THALES,FR,A1,A-,Aerospace and Defence,Aerospace & Defence,,,,s9.iTraxx Europe,0.400000000,11/06/2013,149956,,,,,,,,,,,
NULL,EUR,Senior,NULL,FKDFG6,False,,22033,VINCI,FR,Baa1,BBB+,Buildings and Real Estate,Building & Development,,,,s9.iTraxx Europe,0.396086957,11/06/2013,167069,,,,,,,,,,,
VLOF,EUR,Senior,NULL,9AAA47,False,,22040,VALEO,FR,Baa2,N.A.,Automobile,Automotive,,,,s9.iTraxx Europe,0.400000000,11/06/2013,191861,,,,,,,,,,,
NULL,EUR,Senior,NULL,FJ68E2,False,,22043,GECINA,FR,N.A.,BB+,Buildings and Real Estate,N.A.,,,,s9.iTraxx Europe,0.400000000,11/06/2013,791387,,,,,,,,,,,
NULL,EUR,Senior,NULL,GG6EBT,False,,22137,AVIVA PLC,GB,A1,A+,Insurance,Insurance,,,,s9.iTraxx Europe,0.397500000,11/06/2013,507534,,,,,,,,,,,
NXT,EUR,Senior,NULL,GMB517,False,,22322,Next Plc,GB,Baa2,BBB,Retail Stores,N.A.,,,,s9.iTraxx Europe,0.400000000,11/06/2013,4484,,,,,,,,,,,
NIPSHG-PILKING,EUR,Senior,NULL,GN79DJ,False,,22559,PILKINGTON GROUP LIMITED,GB,WR,BB+,Containers_ Packaging and Glass,Containers & Glass Products,,,,s9.iTraxx Europe,0.400000000,11/06/2013,810463,,,,,,,,,,,
BPSC,EUR,Senior,NULL,TU9F9X,False,,23062,Banco Popolare Societa cooperativa,IT,WR,A,Banking,Financial Intermediaries,,,,s9.iTraxx Europe,0.400000000,11/06/2013,144253,,,,,,,,,,,
CIRINT,EUR,Senior,NULL,TVAHH8,False,,23081,CIR S.P.A. - Compagnie Industriali Riunite,IT,N.A.,BBB-   *-,Broadcasting and Entertainment,Conglomerates,,,,s9.iTraxx Europe,0.396000000,11/06/2013,908732,,,,,,,,,,,
SECURI,EUR,Senior,NULL,W3GA3E,False,,23849,Securitas AB,SE,WR,BBB+,Diversified/Conglomerate Services,Business Equipment & Services,,,,s9.iTraxx Europe,0.400000000,11/06/2013,395534,,,,,,,,,,,
NULL,EUR,Senior,NULL,WW8984,False,,23867,ASSA ABLOY AB,SE,N.A.,A-,Buildings and Real Estate,Industrial Equipment,,,,s9.iTraxx Europe,0.392631579,11/06/2013,533847,,,,,,,,,,,
MHK,USD,Senior,NULL,6G89A9,False,,25567,Mohawk Industries_ Inc.,US,Baa3,BBB-,Home and Office Furnishing_ Housewares_ and Durable Consumer Products,Clothing / Textiles,,,,s9.DJ CDX.NA.IG,0.400000000,11/06/2013,412337,,,,,,,,,,,
RDN,USD,Senior,NULL,7C5259,False,,27281,Radian Group Inc.,US,Ba1,N.A.,Insurance,Insurance,,,,s9.DJ CDX.NA.IG,0.406670000,11/06/2013,252862,,,,,,,,,,,
MEX,USD,Senior,NULL,9A18EC,False,,27760,United Mexican States,MX,N.A.,BBB+,Sovereign and Supranational,Sovereign,,,,s9.DJ CDX.NA.IG,0.250000000,11/06/2013,44898,,,,,,,,,,,
NULL,EUR,Senior,NULL,DE1088,False,,27768,Bertelsmann AG,DE,Baa1,BBB+,Printing and Publishing,Publishing,,,,s9.iTraxx Europe,0.392800000,11/06/2013,789424,,,,,,,,,,,
EAD,EUR,Senior,NULL,FG8825,False,,27770,European Aeronautic Defence and Space Company EADS N.V.,NL,A1,BBB+,Aerospace and Defence,Aerospace & Defence,,,,s9.iTraxx Europe,0.400000000,11/06/2013,392141,,,,,,,,,,,
CPGLN,EUR,Senior,NULL,2C48D6,False,,28005,COMPASS GROUP PLC,GB,Baa2,BBB+,Personal_ Food and Miscellaneous Services,Food Service,,,,s9.iTraxx Europe,0.400000000,11/06/2013,114094,,,,,,,,,,,
MON,USD,Senior,NULL,6H27C2,False,,28114,Monsanto Company,US,A2,A,Farming and Agriculture,Business Equipment & Services,,,,s9.DJ CDX.NA.IG,0.400000000,11/06/2013,90342,,,,,,,,,,,
NULL,USD,Senior,NULL,39FF84,False,,28122,General Electric Capital Corporation,US,Aaa,AAA,Banking,Conglomerates,,,,s9.DJ CDX.NA.IG,0.392857143,11/06/2013,2834,,,,,,,,,,,
TAKFUJ,JPY,Senior,NULL,8FB46J,False,,28125,TAKEFUJI CORPORATION,JP,Baa1,BBB-,Banking,Financial Intermediaries,,,,s9.DJ CDX.NA.IG,0.148750000,11/06/2013,729302,,,,,,,,,,,
XLGROP,USD,Senior,NULL,9HBA9R,False,,28128,XL Group Ltd.,US,Baa1,N.A.,Insurance,Insurance,,,,s9.DJ CDX.NA.IG,0.400000000,11/06/2013,347686,,,,,,,,,,,
NULL,USD,Senior,NULL,8GB4AI,False,,28131,TEXTRON FINANCIAL CORPORATION,US,A3,A-,Aerospace and Defence,Financial Intermediaries,,,,s9.DJ CDX.NA.IG,0.393181818,11/06/2013,6199,,,,,,,,,,,
CMBKKO,USD,Senior,NULL,Y7FFES,False,,28301,Woori Bank,KR,A1,A-,Banking,Financial Intermediaries,,,,s9.DJ CDX.NA.IG,0.371430000,11/06/2013,1893,,,,,,,,,,,
ACOM,JPY,Senior,NULL,004CC9,False,,28303,ACOM CO._ LTD.,JP,A2,BBB+,Banking,Financial Intermediaries,,,,s9.DJ CDX.NA.IG,0.338000000,11/06/2013,168478,,,,,,,,,,,
GLFSP,USD,Senior,NULL,YZ3BGT,False,,28318,GLOBALFOUNDRIES SINGAPORE PTE. LTD.,SG,Baa3,BBB-,Electronics,N.A.,,,,s9.DJ CDX.NA.IG,0.342000000,11/06/2013,168876,,,,,,,,,,,
NULL,USD,Senior,NULL,7F8168,False,,28326,ROYAL CARIBBEAN CRUISES LTD.,US,Ba1,BB+,Leisure_ Amusement and Entertainment,Lodging & Casinos,,,,s9.DJ CDX.NA.IG,0.325000000,11/06/2013,5450,,,,,,,,,,,
AIFUL,JPY,Senior,NULL,008FAQ,True,0.3387500000,28330,Aiful Corporation,JP,Baa2,BBB,Banking,Financial Intermediaries,,,,s9.DJ CDX.NA.IG,0.256670000,11/06/2013,80338,,,,,,,,,,,
VEOLIA,EUR,Senior,NULL,9BAD68,False,,28340,VEOLIA ENVIRONNEMENT,FR,A3,BBB+,Utilities,Utilities,,,,s9.iTraxx Europe,0.400000000,11/06/2013,733771,,,,,,,,,,,
NULL,USD,Senior,NULL,6B76CA,False,,28353,News America Incorporated,US,Baa1,BBB+,Broadcasting and Entertainment,Publishing,,,,s9.DJ CDX.NA.IG,0.392105263,11/06/2013,169481,,,,,,,,,,,
BRK,USD,Senior,NULL,08CAD7,False,,28496,Berkshire Hathaway Inc.,US,WR,N.A.,Insurance,Conglomerates,,,,s9.DJ CDX.NA.IG,0.400000000,11/06/2013,425548,,,,,,,,,,,
KFT,USD,Senior,NULL,5F07CS,False,,28556,Kraft Foods Inc.,US,Baa2,A-,Beverage_ Food and Tobacco,Food Products,,,,s9.DJ CDX.NA.IG,0.398610000,11/06/2013,216291,,,,,,,,,,,
BA-CapCorp,USD,Senior,NULL,09G715,False,,28589,Boeing Capital Corporation,US,A2,A+,Aerospace and Defence,Equipment Leasing,,,,s9.DJ CDX.NA.IG,0.400000000,11/06/2013,182906,,,,,,,,,,,
OOMLN,EUR,Senior,NULL,5A8395,False,,28590,MMO2 PLC,GB,N.A.,BBB+,Telecommunications,Telecommunications - Wireless,,,,s9.iTraxx Europe,0.395000000,11/06/2013,507556,,,,,,,,,,,
TMMFP,EUR,Senior,NULL,FOA9A5,True,0.6512500000,28592,THOMSON,FR,WR,B+,Diversified/Conglomerate Manufacturing,Home Furnishings,,,,s9.iTraxx Europe,0.777500000,11/06/2013,733769,,,,,,,,,,,
PRU,USD,Senior,NULL,7B8752,False,,28597,Prudential Financial_ Inc.,US,A3,A+,Insurance,Insurance,,,,s9.DJ CDX.NA.IG,0.400000000,11/06/2013,448600,,,,,,,,,,,
BLS,USD,Senior,NULL,07GHE6,False,,28598,BellSouth Corporation,US,A2,A,Telecommunications,Telecommunications - Wireline and Wireless,,,,s9.DJ CDX.NA.IG,0.387600000,11/06/2013,391826,,,,,,,,,,,
ATTINC-ML,USD,Senior,NULL,0A232K,False,,28602,AT&T Mobility LLC,US,A2,A,Telecommunications,Telecommunications - Wireline and Wireless,,,,s9.DJ CDX.NA.IG,0.400000000,11/06/2013,411947,,,,,,,,,,,
NRUC,USD,Senior,NULL,69AB75,False,,28603,National Rural Utilities Cooperative Finance Corporation,US,A2,A,Utilities,Utilities,,,,s9.DJ CDX.NA.IG,0.391670000,11/06/2013,4366,,,,,,,,,,,
MWV,USD,Senior,NULL,5DB667,False,,28645,MeadWestvaco Corporation,US,Ba1,BBB,Printing and Publishing,Forest Products,,,,s9.DJ CDX.NA.IG,0.400000000,11/06/2013,412364,,,,,,,,,,,
CESEOP,USD,Senior,NULL,4F498H,False,,28648,Caesars Entertainment Operating Company_ Inc.,US,Caa1,B+,Hotels Motels Inns and Gaming,Lodging & Casinos,,,,s9.DJ CDX.NA.IG,0.258000000,11/06/2013,133591,,,,,,,,,,,
WLP,USD,Senior,NULL,9DDGAY,False,,28692,WellPoint_ Inc.,US,Baa1,N.A.,Insurance,Insurance,,,,s9.DJ CDX.NA.IG,0.400000000,11/06/2013,768110,,,,,,,,,,,
PLTMPL-IntFin,EUR,Senior,NULL,NU811I,False,,28719,Portugal Telecom International Finance B.V.,PT,Baa2,N.A.,Telecommunications,Telecommunications - Wireline and Wireless,,,,s9.iTraxx Europe,0.397780000,11/06/2013,227841,,,,,,,,,,,
AMROBK,EUR,Senior,NULL,NN02AN,False,,28764,The Royal Bank of Scotland N.V,NL,Aa2,AA-,Banking,Financial Intermediaries,,,,s9.iTraxx Europe,0.400000000,11/06/2013,123,,,,,,,,,,,
AMB-PropertyLP,USD,Senior,NULL,0A179P,False,,28871,AMB Property_ L.P.,US,Baa1,BBB,Buildings and Real Estate,N.A.,,,,s9.DJ CDX.NA.IG,0.400000000,11/06/2013,,,,,,,,,,,,,
RBOS-RBOSplc,EUR,Senior,NULL,GNDEGI,False,,28887,THE ROYAL BANK OF SCOTLAND PUBLIC LIMITED COMPANY,GB,Aa1,AA,Banking,Financial Intermediaries,,,,s9.iTraxx Europe,0.400000000,11/06/2013,5447,,,,,,,,,,,
MKS-M+SPlc,EUR,Senior,NULL,GLDABF,False,,29396,MARKS AND SPENCER p.l.c.,GB,Baa2   *-,BBB,Retail Stores,Retailers (except food & drugs),,,,s9.iTraxx Europe,0.400000000,11/06/2013,507555,,,,,,,,,,,
HOLZSW,EUR,Senior,NULL,477BB5,False,,29426,Holcim Ltd,CH,Baa1,BBB+,Buildings and Real Estate,Building & Development,,,,s9.iTraxx Europe,0.400000000,11/06/2013,374201,,,,,,,,,,,
NULL,EUR,Senior,NULL,LL332I,False,,29483,ArcelorMittal Finance,LU,Baa2,BBB+,Mining_ Steel_ Iron and Non-Precious Metals,Steel,,,,s9.iTraxx Europe,0.396400000,11/06/2013,578321,,,,,,,,,,,
SPG-LP,USD,Senior,NULL,8AAG87,False,,29519,Simon Property Group_ L.P.,US,A3,A-,Buildings and Real Estate,REITS,,,,s9.DJ CDX.NA.IG,0.400000000,11/06/2013,136894,,,,,,,,,,,
TKA,EUR,Senior,NULL,8FGD7T,False,,29596,Telekom Austria Aktiengesellschaft,AT,A3,BBB+,Telecommunications,Telecommunications - Wireless,,,,s9.iTraxx Europe,0.398570000,11/06/2013,130881,,,,,,,,,,,
PEMEX,USD,Senior,NULL,787B9U,False,,29609,Petroleos Mexicanos,MX,N.A.,BBB+,Oil and Gas,Oil & Gas,,,,s9.DJ CDX.NA.IG,0.240330000,11/06/2013,4866,,,,,,,,,,,
ALT,EUR,Senior,NULL,EE475E,False,,29613,ALTADIS_ S.A.,ES,Baa3,BBB,Beverage_ Food and Tobacco,Beverage & Tobacco,,,,s9.iTraxx Europe,0.400000000,11/06/2013,395269,,,,,,,,,,,
NULL,EUR,Senior,NULL,FF4D97,False,,29616,GROUPE AUCHAN,FR,N.A.,A,Grocery,Food / Drug retailers,,,,s9.iTraxx Europe,0.395000000,11/06/2013,789422,,,,,,,,,,,
ENECH,EUR,Senior,NULL,NPBF8H,False,,29626,ENECO Holding N.V.,NL,N.A.,A      *-,Electronics,Utilities,,,,s9.iTraxx Europe,0.386000000,11/06/2013,972338,,,,,,,,,,,
WENL,EUR,Senior,NULL,FOHB91,False,,29637,WENDEL,FR,N.A.,BBB-   *-,Diversified/Conglomerate Manufacturing,Conglomerates,,,,s9.iTraxx Europe,0.400000000,11/06/2013,908734,,,,,,,,,,,
BSFSHW,EUR,Senior,NULL,HI57CO,False,,29665,BASF Schweiz AG,CH,Baa2   *-,BBB,Chemicals_ Plastics and Rubber,Chemicals & Plastics,,,,s9.iTraxx Europe,0.400000000,11/06/2013,972336,,,,,,,,,,,
ELSALV,USD,Senior,NULL,2ABBFC,False,,29957,Republic of El Salvador,SV,N.A.,BB+,Sovereign and Supranational,N.A.,,,,s9.DJ CDX.NA.IG,0.235710000,11/06/2013,,,,,,,,,,,,,
RAGAG-EVODEG,EUR,Senior,NULL,DD79BO,False,,30200,Evonik Degussa GmbH,DE,Baa3,BB,Chemicals_ Plastics and Rubber,Chemicals & Plastics,,,,s9.iTraxx Europe,0.400000000,11/06/2013,522112,,,,,,,,,,,
LANISL,EUR,Senior,NULL,X1BD7U,True,0.0125000000,30211,Landsbanki Islands hf,IS,A2,N.A.,Banking,Financial Intermediaries,,,,s9.iTraxx Europe,0.010000000,11/06/2013,3761,,,,,,,,,,,
HRB-Fllc,USD,Senior,NULL,09C9BK,False,,30224,Block Financial LLC,US,Baa1   *-,N.A.,Banking,Business Equipment & Services,,,,s9.DJ CDX.NA.IG,0.325710000,11/06/2013,736260,,,,,,,,,,,
VNO-LP,USD,Senior,NULL,9BB947,False,,30227,Vornado Realty L.P.,US,Baa2,BBB+,Buildings and Real Estate,REITS,,,,s9.DJ CDX.NA.IG,0.391670000,11/06/2013,412041,,,,,,,,,,,
PCCW-HKTTelLtd,USD,Senior,NULL,Y4E82R,False,,30232,PCCW-HKT TELEPHONE LIMITED,HK,Baa2,BBB,Telecommunications,Telecommunications - Wireless,,,,s9.DJ CDX.NA.IG,0.400000000,11/06/2013,730996,,,,,,,,,,,
GE-GNWTH,USD,Senior,NULL,3A96BK,False,,30342,Genworth Financial_ Inc.,US,A2,N.A.,Insurance,Insurance,,,,s9.DJ CDX.NA.IG,0.450920000,11/06/2013,652007,,,,,,,,,,,
SESG,EUR,Senior,NULL,LTB30H,False,,30369,SES,LU,Baa2,BBB,Telecommunications,Telecommunications - Wireline and Wireless,,,,s9.iTraxx Europe,0.400000000,11/06/2013,,,,,,,,,,,,,
AF-AirFrance,EUR,Senior,NULL,FNC9BR,False,,30385,Societe Air France,FR,N.A.,,Personal Transportation,Air Transport,,,,s9.iTraxx Europe,0.400000000,11/06/2013,,,,,,,,,,,,,
GKNLN-Hldgs,EUR,Senior,NULL,3J78MG,False,,30387,GKN HOLDINGS PLC,GB,Baa3,BBB,Automobile,Automotive,,,,s9.iTraxx Europe,0.396670000,11/06/2013,507549,,,,,,,,,,,
ITV,EUR,Senior,NULL,GKDHCE,False,,30395,ITV PLC,GB,Baa3   *-,BB+,Broadcasting and Entertainment,N.A.,,,,s9.iTraxx Europe,0.396670000,11/06/2013,639353,,,,,,,,,,,
NBR-Inc,USD,Senior,NULL,68BEBE,False,,30444,Nabors Industries_ Inc.,US,A3     *-,BBB+,Oil and Gas,Oil & Gas,,,,s9.DJ CDX.NA.IG,0.400000000,11/06/2013,62381,,,,,,,,,,,
GAZPRU,EUR,Senior,NULL,39EAAF,False,,30474,JSC "GAZPROM",RU,A3,BBB,Oil and Gas,Oil & Gas,,,,s9.iTraxx Europe,0.246670000,11/06/2013,478746,,,,,,,,,,,
GM-ResCLLC,USD,Senior,NULL,7D725J,False,,30550,Residential Capital_ LLC,US,Ca     *-,CCC+,Finance,Financial Intermediaries,,,,s9.DJ CDX.NA.IG,0.582500000,11/06/2013,981297,,,,,,,,,,,
LIB,USD,Senior,NULL,5I37GN,False,,30558,Liberty Mutual Group Inc.,US,Baa2,BBB    *-,Insurance,Insurance,,,,s9.DJ CDX.NA.IG,0.400000000,11/06/2013,615449,,,,,,,,,,,
KAUPBN,EUR,Senior,NULL,XB776W,True,0.0662500000,30586,Kaupthing banki hf.,IS,A1,N.A.,Finance,Financial Intermediaries,,,,s9.iTraxx Europe,0.071260000,11/06/2013,756944,,,,,,,,,,,
LNX,EUR,Senior,NULL,DI535D,False,,30597,LANXESS Aktiengesellschaft,DE,Baa2,BBB,Chemicals_ Plastics and Rubber,Chemicals & Plastics,,,,s9.iTraxx Europe,0.400000000,11/06/2013,981296,,,,,,,,,,,
RENSEL,JPY,Senior,NULL,JNCG9V,False,,30613,Renesas Electronics Corporation,JP,,,Electronics,Electronics / Electrical,,,,s9.DJ CDX.NA.IG,0.346670000,11/06/2013,1032701,,,,,,,,,,,
CVRD-VALECA,USD,Senior,NULL,9AAA2G,False,,30900,Vale Canada Limited,CA,Baa3   *+,BBB+,N.A.,Nonferrous Metals / Minerals,,,,s9.DJ CDX.NA.IG,0.400000000,11/06/2013,,,,,,,,,,,,,
VTB,EUR,Senior,NULL,X6H88N,False,,30902,JSC VTB Bk,RU,A2,BBB+,Finance,Financial Intermediaries,,,,s9.iTraxx Europe,0.231940000,11/06/2013,767,,,,,,,,,,,
WINDS,USD,Senior,NULL,9GAB9X,False,,30985,Windstream Corporation,US,Ba3,BB+,Telecommunications,Telecommunications - Wireline and Wireless,,,,s9.DJ CDX.NA.IG,0.400000000,11/06/2013,1047245,,,,,,,,,,,
EMBRQ,USD,Senior,NULL,2B97FM,False,,30991,Embarq Corporation,US,Baa3,BBB-,Telecommunications,Telecommunications - Wireline  ,,,,s9.DJ CDX.NA.IG,0.400000000,11/06/2013,1022833,,,,,,,,,,,
EXPD,USD,Senior,NULL,3D233R,False,,30992,EXPEDIA_ INC.,US,Ba2,BB,Leisure_ Amusement and Entertainment,Leisure goods / Activities / Movies,,,,s9.DJ CDX.NA.IG,0.383330000,11/06/2013,412598,,,,,,,,,,,
IAR,USD,Senior,NULL,4J67C9,True,0.0175000000,31262,Idearc Inc.,US,B3,B+,N.A.,N.A.,,,,s9.DJ CDX.NA.IG,0.017500000,11/06/2013,,,,,,,,,,,,,
EFHC,USD,Senior,NULL,2BB8E8,False,,31823,Energy Future Holdings Corp.,US,Caa1,B-,Utilities,Utilities,,,,s9.DJ CDX.NA.IG,0.241670000,11/06/2013,,,,,,,,,,,,,
KEL-YorkWatfltd,EUR,Senior,NULL,GPHDE2,False,,31915,YORKSHIRE WATER SERVICES FINANCE LIMITED,GB,A3     *-,A-     *-,Utilities,Utilities,,,,s9.iTraxx Europe,0.400000000,11/06/2013,,,,,,,,,,,,,
