Source,Type,Name,Value
Model,Base Correlation,CDX.NA.IG.9-V4.20121220.0.corr,0.31755441037618
Model,Base Correlation Strike,CDX.NA.IG.9-V4.20121220.0.strike,1.19935821925242
Model,Base Correlation,Dow Jones CDX.NA.IG.7-V5.20161220.1.corr,0.206681007913447
Model,Base Correlation Strike,Dow Jones CDX.NA.IG.7-V5.20161220.1.strike,0.382635160372178
Model,Base Correlation,Dow Jones CDX.NA.IG.7-V5.20161220.2.corr,0.267696988202344
Model,Base Correlation Strike,Dow Jones CDX.NA.IG.7-V5.20161220.2.strike,0.892815374201749
Model,Base Correlation,Dow Jones CDX.NA.IG.7-V5.20161220.3.corr,0.289740587551015
Model,Base Correlation Strike,Dow Jones CDX.NA.IG.7-V5.20161220.3.strike,1.27545053457393
Model,Base Correlation,Dow Jones CDX.NA.IG.7-V5.20161220.4.corr,0.37154302936371
Model,Base Correlation Strike,Dow Jones CDX.NA.IG.7-V5.20161220.4.strike,1.91317580186089
Model,Base Correlation,Dow Jones CDX.NA.IG.7-V5.20161220.5.corr,0.55910478927553
Model,Base Correlation Strike,Dow Jones CDX.NA.IG.7-V5.20161220.5.strike,3.82635160372178
ERROR,CDS Spread,ABTJ.USD.SeniorUnsecured.Modified.10y.Mid,Quote could not be found.
ERROR,CDS Spread,ABTJ.USD.SeniorUnsecured.Modified.1y.Mid,Quote could not be found.
ERROR,CDS Spread,ABTJ.USD.SeniorUnsecured.Modified.2y.Mid,Quote could not be found.
ERROR,CDS Spread,ABTJ.USD.SeniorUnsecured.Modified.3y.Mid,Quote could not be found.
ERROR,CDS Spread,ABTJ.USD.SeniorUnsecured.Modified.4y.Mid,Quote could not be found.
ERROR,CDS Spread,ABTJ.USD.SeniorUnsecured.Modified.5y.Mid,Quote could not be found.
ERROR,CDS Spread,ABTJ.USD.SeniorUnsecured.Modified.6y.Mid,Quote could not be found.
ERROR,CDS Spread,ABTJ.USD.SeniorUnsecured.Modified.7y.Mid,Quote could not be found.
ERROR,CDS Spread,ACE-INAHldgs.USD.SeniorUnsecured.Modified.10y.Mid,Quote could not be found.
ERROR,CDS Spread,ACE-INAHldgs.USD.SeniorUnsecured.Modified.1y.Mid,Quote could not be found.
ERROR,CDS Spread,ACE-INAHldgs.USD.SeniorUnsecured.Modified.2y.Mid,Quote could not be found.
ERROR,CDS Spread,ACE-INAHldgs.USD.SeniorUnsecured.Modified.3y.Mid,Quote could not be found.
ERROR,CDS Spread,ACE-INAHldgs.USD.SeniorUnsecured.Modified.4y.Mid,Quote could not be found.
ERROR,CDS Spread,ACE-INAHldgs.USD.SeniorUnsecured.Modified.5y.Mid,Quote could not be found.
ERROR,CDS Spread,ACE-INAHldgs.USD.SeniorUnsecured.Modified.6y.Mid,Quote could not be found.
ERROR,CDS Spread,ACE-INAHldgs.USD.SeniorUnsecured.Modified.7y.Mid,Quote could not be found.
ERROR,CDS Spread,AES-Trust3.USD.SeniorUnsecured.Modified.10y.Mid,Quote could not be found.
ERROR,CDS Spread,AES-Trust3.USD.SeniorUnsecured.Modified.1y.Mid,Quote could not be found.
ERROR,CDS Spread,AES-Trust3.USD.SeniorUnsecured.Modified.2y.Mid,Quote could not be found.
ERROR,CDS Spread,AES-Trust3.USD.SeniorUnsecured.Modified.3y.Mid,Quote could not be found.
ERROR,CDS Spread,AES-Trust3.USD.SeniorUnsecured.Modified.4y.Mid,Quote could not be found.
ERROR,CDS Spread,AES-Trust3.USD.SeniorUnsecured.Modified.5y.Mid,Quote could not be found.
ERROR,CDS Spread,AES-Trust3.USD.SeniorUnsecured.Modified.6y.Mid,Quote could not be found.
ERROR,CDS Spread,AES-Trust3.USD.SeniorUnsecured.Modified.7y.Mid,Quote could not be found.
ERROR,CDS Spread,ARIP.USD.SeniorUnsecured.Modified.10y.Mid,Quote could not be found.
ERROR,CDS Spread,ARIP.USD.SeniorUnsecured.Modified.1y.Mid,Quote could not be found.
ERROR,CDS Spread,ARIP.USD.SeniorUnsecured.Modified.2y.Mid,Quote could not be found.
ERROR,CDS Spread,ARIP.USD.SeniorUnsecured.Modified.3y.Mid,Quote could not be found.
ERROR,CDS Spread,ARIP.USD.SeniorUnsecured.Modified.4y.Mid,Quote could not be found.
ERROR,CDS Spread,ARIP.USD.SeniorUnsecured.Modified.5y.Mid,Quote could not be found.
ERROR,CDS Spread,ARIP.USD.SeniorUnsecured.Modified.6y.Mid,Quote could not be found.
ERROR,CDS Spread,ARIP.USD.SeniorUnsecured.Modified.7y.Mid,Quote could not be found.
ERROR,CDS Spread,AWHLLC.USD.SeniorUnsecured.Modified.10y.Mid,Quote could not be found.
ERROR,CDS Spread,AWHLLC.USD.SeniorUnsecured.Modified.1y.Mid,Quote could not be found.
ERROR,CDS Spread,AWHLLC.USD.SeniorUnsecured.Modified.2y.Mid,Quote could not be found.
ERROR,CDS Spread,AWHLLC.USD.SeniorUnsecured.Modified.3y.Mid,Quote could not be found.
ERROR,CDS Spread,AWHLLC.USD.SeniorUnsecured.Modified.4y.Mid,Quote could not be found.
ERROR,CDS Spread,AWHLLC.USD.SeniorUnsecured.Modified.5y.Mid,Quote could not be found.
ERROR,CDS Spread,AWHLLC.USD.SeniorUnsecured.Modified.6y.Mid,Quote could not be found.
ERROR,CDS Spread,AWHLLC.USD.SeniorUnsecured.Modified.7y.Mid,Quote could not be found.
ERROR,CDS Spread,BAXIH.USD.SeniorUnsecured.Modified.10y.Mid,Quote could not be found.
ERROR,CDS Spread,BAXIH.USD.SeniorUnsecured.Modified.1y.Mid,Quote could not be found.
ERROR,CDS Spread,BAXIH.USD.SeniorUnsecured.Modified.2y.Mid,Quote could not be found.
ERROR,CDS Spread,BAXIH.USD.SeniorUnsecured.Modified.3y.Mid,Quote could not be found.
ERROR,CDS Spread,BAXIH.USD.SeniorUnsecured.Modified.4y.Mid,Quote could not be found.
ERROR,CDS Spread,BAXIH.USD.SeniorUnsecured.Modified.5y.Mid,Quote could not be found.
ERROR,CDS Spread,BAXIH.USD.SeniorUnsecured.Modified.6y.Mid,Quote could not be found.
ERROR,CDS Spread,BAXIH.USD.SeniorUnsecured.Modified.7y.Mid,Quote could not be found.
ERROR,CDS Spread,BK-ALCN.USD.SeniorUnsecured.Modified.10y.Mid,Quote could not be found.
ERROR,CDS Spread,BK-ALCN.USD.SeniorUnsecured.Modified.1y.Mid,Quote could not be found.
ERROR,CDS Spread,BK-ALCN.USD.SeniorUnsecured.Modified.2y.Mid,Quote could not be found.
ERROR,CDS Spread,BK-ALCN.USD.SeniorUnsecured.Modified.3y.Mid,Quote could not be found.
ERROR,CDS Spread,BK-ALCN.USD.SeniorUnsecured.Modified.4y.Mid,Quote could not be found.
ERROR,CDS Spread,BK-ALCN.USD.SeniorUnsecured.Modified.5y.Mid,Quote could not be found.
ERROR,CDS Spread,BK-ALCN.USD.SeniorUnsecured.Modified.6y.Mid,Quote could not be found.
ERROR,CDS Spread,BK-ALCN.USD.SeniorUnsecured.Modified.7y.Mid,Quote could not be found.
ERROR,CDS Spread,CACTML.USD.SeniorUnsecured.Modified.10y.Mid,Quote could not be found.
ERROR,CDS Spread,CACTML.USD.SeniorUnsecured.Modified.1y.Mid,Quote could not be found.
ERROR,CDS Spread,CACTML.USD.SeniorUnsecured.Modified.2y.Mid,Quote could not be found.
ERROR,CDS Spread,CACTML.USD.SeniorUnsecured.Modified.3y.Mid,Quote could not be found.
ERROR,CDS Spread,CACTML.USD.SeniorUnsecured.Modified.4y.Mid,Quote could not be found.
ERROR,CDS Spread,CACTML.USD.SeniorUnsecured.Modified.5y.Mid,Quote could not be found.
ERROR,CDS Spread,CACTML.USD.SeniorUnsecured.Modified.6y.Mid,Quote could not be found.
ERROR,CDS Spread,CACTML.USD.SeniorUnsecured.Modified.7y.Mid,Quote could not be found.
ERROR,CDS Spread,CAIA.USD.SeniorUnsecured.Modified.10y.Mid,Quote could not be found.
ERROR,CDS Spread,CAIA.USD.SeniorUnsecured.Modified.1y.Mid,Quote could not be found.
ERROR,CDS Spread,CAIA.USD.SeniorUnsecured.Modified.2y.Mid,Quote could not be found.
ERROR,CDS Spread,CAIA.USD.SeniorUnsecured.Modified.3y.Mid,Quote could not be found.
ERROR,CDS Spread,CAIA.USD.SeniorUnsecured.Modified.4y.Mid,Quote could not be found.
ERROR,CDS Spread,CAIA.USD.SeniorUnsecured.Modified.5y.Mid,Quote could not be found.
ERROR,CDS Spread,CAIA.USD.SeniorUnsecured.Modified.6y.Mid,Quote could not be found.
ERROR,CDS Spread,CAIA.USD.SeniorUnsecured.Modified.7y.Mid,Quote could not be found.
ERROR,CDS Spread,CCBP-NatexBqPop.USD.SeniorUnsecured.Modified.10y.Mid,Quote could not be found.
ERROR,CDS Spread,CCBP-NatexBqPop.USD.SeniorUnsecured.Modified.1y.Mid,Quote could not be found.
ERROR,CDS Spread,CCBP-NatexBqPop.USD.SeniorUnsecured.Modified.2y.Mid,Quote could not be found.
ERROR,CDS Spread,CCBP-NatexBqPop.USD.SeniorUnsecured.Modified.3y.Mid,Quote could not be found.
ERROR,CDS Spread,CCBP-NatexBqPop.USD.SeniorUnsecured.Modified.4y.Mid,Quote could not be found.
ERROR,CDS Spread,CCBP-NatexBqPop.USD.SeniorUnsecured.Modified.5y.Mid,Quote could not be found.
ERROR,CDS Spread,CCBP-NatexBqPop.USD.SeniorUnsecured.Modified.6y.Mid,Quote could not be found.
ERROR,CDS Spread,CCBP-NatexBqPop.USD.SeniorUnsecured.Modified.7y.Mid,Quote could not be found.
ERROR,CDS Spread,CCWCL.USD.SeniorUnsecured.Modified.10y.Mid,Quote could not be found.
ERROR,CDS Spread,CCWCL.USD.SeniorUnsecured.Modified.1y.Mid,Quote could not be found.
ERROR,CDS Spread,CCWCL.USD.SeniorUnsecured.Modified.2y.Mid,Quote could not be found.
ERROR,CDS Spread,CCWCL.USD.SeniorUnsecured.Modified.3y.Mid,Quote could not be found.
ERROR,CDS Spread,CCWCL.USD.SeniorUnsecured.Modified.4y.Mid,Quote could not be found.
ERROR,CDS Spread,CCWCL.USD.SeniorUnsecured.Modified.5y.Mid,Quote could not be found.
ERROR,CDS Spread,CCWCL.USD.SeniorUnsecured.Modified.6y.Mid,Quote could not be found.
ERROR,CDS Spread,CCWCL.USD.SeniorUnsecured.Modified.7y.Mid,Quote could not be found.
ERROR,CDS Spread,CD-AvisBdgt.USD.SeniorUnsecured.Modified.10y.Mid,Quote could not be found.
ERROR,CDS Spread,CD-AvisBdgt.USD.SeniorUnsecured.Modified.1y.Mid,Quote could not be found.
ERROR,CDS Spread,CD-AvisBdgt.USD.SeniorUnsecured.Modified.2y.Mid,Quote could not be found.
ERROR,CDS Spread,CD-AvisBdgt.USD.SeniorUnsecured.Modified.3y.Mid,Quote could not be found.
ERROR,CDS Spread,CD-AvisBdgt.USD.SeniorUnsecured.Modified.4y.Mid,Quote could not be found.
ERROR,CDS Spread,CD-AvisBdgt.USD.SeniorUnsecured.Modified.5y.Mid,Quote could not be found.
ERROR,CDS Spread,CD-AvisBdgt.USD.SeniorUnsecured.Modified.6y.Mid,Quote could not be found.
ERROR,CDS Spread,CD-AvisBdgt.USD.SeniorUnsecured.Modified.7y.Mid,Quote could not be found.
ERROR,CDS Spread,CL.USD.SeniorUnsecured.Modified.10y.Mid,Quote could not be found.
ERROR,CDS Spread,CL.USD.SeniorUnsecured.Modified.1y.Mid,Quote could not be found.
ERROR,CDS Spread,CL.USD.SeniorUnsecured.Modified.2y.Mid,Quote could not be found.
ERROR,CDS Spread,CL.USD.SeniorUnsecured.Modified.3y.Mid,Quote could not be found.
ERROR,CDS Spread,CL.USD.SeniorUnsecured.Modified.4y.Mid,Quote could not be found.
ERROR,CDS Spread,CL.USD.SeniorUnsecured.Modified.5y.Mid,Quote could not be found.
ERROR,CDS Spread,CL.USD.SeniorUnsecured.Modified.6y.Mid,Quote could not be found.
ERROR,CDS Spread,CL.USD.SeniorUnsecured.Modified.7y.Mid,Quote could not be found.
ERROR,CDS Spread,CTRYMC.USD.SeniorUnsecured.Modified.10y.Mid,Quote could not be found.
ERROR,CDS Spread,CTRYMC.USD.SeniorUnsecured.Modified.1y.Mid,Quote could not be found.
ERROR,CDS Spread,CTRYMC.USD.SeniorUnsecured.Modified.2y.Mid,Quote could not be found.
ERROR,CDS Spread,CTRYMC.USD.SeniorUnsecured.Modified.3y.Mid,Quote could not be found.
ERROR,CDS Spread,CTRYMC.USD.SeniorUnsecured.Modified.4y.Mid,Quote could not be found.
ERROR,CDS Spread,CTRYMC.USD.SeniorUnsecured.Modified.5y.Mid,Quote could not be found.
ERROR,CDS Spread,CTRYMC.USD.SeniorUnsecured.Modified.6y.Mid,Quote could not be found.
ERROR,CDS Spread,CTRYMC.USD.SeniorUnsecured.Modified.7y.Mid,Quote could not be found.
ERROR,CDS Spread,DDR.USD.SeniorUnsecured.Modified.10y.Mid,Quote could not be found.
ERROR,CDS Spread,DDR.USD.SeniorUnsecured.Modified.1y.Mid,Quote could not be found.
ERROR,CDS Spread,DDR.USD.SeniorUnsecured.Modified.2y.Mid,Quote could not be found.
ERROR,CDS Spread,DDR.USD.SeniorUnsecured.Modified.3y.Mid,Quote could not be found.
ERROR,CDS Spread,DDR.USD.SeniorUnsecured.Modified.4y.Mid,Quote could not be found.
ERROR,CDS Spread,DDR.USD.SeniorUnsecured.Modified.5y.Mid,Quote could not be found.
ERROR,CDS Spread,DDR.USD.SeniorUnsecured.Modified.6y.Mid,Quote could not be found.
ERROR,CDS Spread,DDR.USD.SeniorUnsecured.Modified.7y.Mid,Quote could not be found.
ERROR,CDS Spread,DUKECRP.USD.SeniorUnsecured.Modified.10y.Mid,Quote could not be found.
ERROR,CDS Spread,DUKECRP.USD.SeniorUnsecured.Modified.1y.Mid,Quote could not be found.
ERROR,CDS Spread,DUKECRP.USD.SeniorUnsecured.Modified.2y.Mid,Quote could not be found.
ERROR,CDS Spread,DUKECRP.USD.SeniorUnsecured.Modified.3y.Mid,Quote could not be found.
ERROR,CDS Spread,DUKECRP.USD.SeniorUnsecured.Modified.4y.Mid,Quote could not be found.
ERROR,CDS Spread,DUKECRP.USD.SeniorUnsecured.Modified.5y.Mid,Quote could not be found.
ERROR,CDS Spread,DUKECRP.USD.SeniorUnsecured.Modified.6y.Mid,Quote could not be found.
ERROR,CDS Spread,DUKECRP.USD.SeniorUnsecured.Modified.7y.Mid,Quote could not be found.
ERROR,CDS Spread,EHIPRE.USD.SeniorUnsecured.Modified.10y.Mid,Quote could not be found.
ERROR,CDS Spread,EHIPRE.USD.SeniorUnsecured.Modified.1y.Mid,Quote could not be found.
ERROR,CDS Spread,EHIPRE.USD.SeniorUnsecured.Modified.2y.Mid,Quote could not be found.
ERROR,CDS Spread,EHIPRE.USD.SeniorUnsecured.Modified.3y.Mid,Quote could not be found.
ERROR,CDS Spread,EHIPRE.USD.SeniorUnsecured.Modified.4y.Mid,Quote could not be found.
ERROR,CDS Spread,EHIPRE.USD.SeniorUnsecured.Modified.5y.Mid,Quote could not be found.
ERROR,CDS Spread,EHIPRE.USD.SeniorUnsecured.Modified.6y.Mid,Quote could not be found.
ERROR,CDS Spread,EHIPRE.USD.SeniorUnsecured.Modified.7y.Mid,Quote could not be found.
ERROR,CDS Spread,F-CredCan.USD.SeniorUnsecured.Modified.10y.Mid,Quote could not be found.
ERROR,CDS Spread,F-CredCan.USD.SeniorUnsecured.Modified.1y.Mid,Quote could not be found.
ERROR,CDS Spread,F-CredCan.USD.SeniorUnsecured.Modified.2y.Mid,Quote could not be found.
ERROR,CDS Spread,F-CredCan.USD.SeniorUnsecured.Modified.3y.Mid,Quote could not be found.
ERROR,CDS Spread,F-CredCan.USD.SeniorUnsecured.Modified.4y.Mid,Quote could not be found.
ERROR,CDS Spread,F-CredCan.USD.SeniorUnsecured.Modified.5y.Mid,Quote could not be found.
ERROR,CDS Spread,F-CredCan.USD.SeniorUnsecured.Modified.6y.Mid,Quote could not be found.
ERROR,CDS Spread,F-CredCan.USD.SeniorUnsecured.Modified.7y.Mid,Quote could not be found.
ERROR,CDS Spread,FCSEMI.USD.SeniorUnsecured.Modified.10y.Mid,Quote could not be found.
ERROR,CDS Spread,FCSEMI.USD.SeniorUnsecured.Modified.1y.Mid,Quote could not be found.
ERROR,CDS Spread,FCSEMI.USD.SeniorUnsecured.Modified.2y.Mid,Quote could not be found.
ERROR,CDS Spread,FCSEMI.USD.SeniorUnsecured.Modified.3y.Mid,Quote could not be found.
ERROR,CDS Spread,FCSEMI.USD.SeniorUnsecured.Modified.4y.Mid,Quote could not be found.
ERROR,CDS Spread,FCSEMI.USD.SeniorUnsecured.Modified.5y.Mid,Quote could not be found.
ERROR,CDS Spread,FCSEMI.USD.SeniorUnsecured.Modified.6y.Mid,Quote could not be found.
ERROR,CDS Spread,FCSEMI.USD.SeniorUnsecured.Modified.7y.Mid,Quote could not be found.
ERROR,CDS Spread,G.USD.SeniorUnsecured.Modified.10y.Mid,Quote could not be found.
ERROR,CDS Spread,G.USD.SeniorUnsecured.Modified.1y.Mid,Quote could not be found.
ERROR,CDS Spread,G.USD.SeniorUnsecured.Modified.2y.Mid,Quote could not be found.
ERROR,CDS Spread,G.USD.SeniorUnsecured.Modified.3y.Mid,Quote could not be found.
ERROR,CDS Spread,G.USD.SeniorUnsecured.Modified.4y.Mid,Quote could not be found.
ERROR,CDS Spread,G.USD.SeniorUnsecured.Modified.5y.Mid,Quote could not be found.
ERROR,CDS Spread,G.USD.SeniorUnsecured.Modified.6y.Mid,Quote could not be found.
ERROR,CDS Spread,G.USD.SeniorUnsecured.Modified.7y.Mid,Quote could not be found.
ERROR,CDS Spread,GRAC.USD.SeniorUnsecured.Modified.10y.Mid,Quote could not be found.
ERROR,CDS Spread,GRAC.USD.SeniorUnsecured.Modified.1y.Mid,Quote could not be found.
ERROR,CDS Spread,GRAC.USD.SeniorUnsecured.Modified.2y.Mid,Quote could not be found.
ERROR,CDS Spread,GRAC.USD.SeniorUnsecured.Modified.3y.Mid,Quote could not be found.
ERROR,CDS Spread,GRAC.USD.SeniorUnsecured.Modified.4y.Mid,Quote could not be found.
ERROR,CDS Spread,GRAC.USD.SeniorUnsecured.Modified.5y.Mid,Quote could not be found.
ERROR,CDS Spread,GRAC.USD.SeniorUnsecured.Modified.6y.Mid,Quote could not be found.
ERROR,CDS Spread,GRAC.USD.SeniorUnsecured.Modified.7y.Mid,Quote could not be found.
ERROR,CDS Spread,HARHAN.USD.SeniorUnsecured.Modified.10y.Mid,Quote could not be found.
ERROR,CDS Spread,HARHAN.USD.SeniorUnsecured.Modified.1y.Mid,Quote could not be found.
ERROR,CDS Spread,HARHAN.USD.SeniorUnsecured.Modified.2y.Mid,Quote could not be found.
ERROR,CDS Spread,HARHAN.USD.SeniorUnsecured.Modified.3y.Mid,Quote could not be found.
ERROR,CDS Spread,HARHAN.USD.SeniorUnsecured.Modified.4y.Mid,Quote could not be found.
ERROR,CDS Spread,HARHAN.USD.SeniorUnsecured.Modified.5y.Mid,Quote could not be found.
ERROR,CDS Spread,HARHAN.USD.SeniorUnsecured.Modified.6y.Mid,Quote could not be found.
ERROR,CDS Spread,HARHAN.USD.SeniorUnsecured.Modified.7y.Mid,Quote could not be found.
ERROR,CDS Spread,HET-OpCo.USD.SeniorUnsecured.Modified.10y.Mid,Quote could not be found.
ERROR,CDS Spread,HET-OpCo.USD.SeniorUnsecured.Modified.1y.Mid,Quote could not be found.
ERROR,CDS Spread,HET-OpCo.USD.SeniorUnsecured.Modified.2y.Mid,Quote could not be found.
ERROR,CDS Spread,HET-OpCo.USD.SeniorUnsecured.Modified.3y.Mid,Quote could not be found.
ERROR,CDS Spread,HET-OpCo.USD.SeniorUnsecured.Modified.4y.Mid,Quote could not be found.
ERROR,CDS Spread,HET-OpCo.USD.SeniorUnsecured.Modified.5y.Mid,Quote could not be found.
ERROR,CDS Spread,HET-OpCo.USD.SeniorUnsecured.Modified.6y.Mid,Quote could not be found.
ERROR,CDS Spread,HET-OpCo.USD.SeniorUnsecured.Modified.7y.Mid,Quote could not be found.
ERROR,CDS Spread,HON-Inc.USD.SeniorUnsecured.Modified.10y.Mid,Quote could not be found.
ERROR,CDS Spread,HON-Inc.USD.SeniorUnsecured.Modified.1y.Mid,Quote could not be found.
ERROR,CDS Spread,HON-Inc.USD.SeniorUnsecured.Modified.2y.Mid,Quote could not be found.
ERROR,CDS Spread,HON-Inc.USD.SeniorUnsecured.Modified.3y.Mid,Quote could not be found.
ERROR,CDS Spread,HON-Inc.USD.SeniorUnsecured.Modified.4y.Mid,Quote could not be found.
ERROR,CDS Spread,HON-Inc.USD.SeniorUnsecured.Modified.5y.Mid,Quote could not be found.
ERROR,CDS Spread,HON-Inc.USD.SeniorUnsecured.Modified.6y.Mid,Quote could not be found.
ERROR,CDS Spread,HON-Inc.USD.SeniorUnsecured.Modified.7y.Mid,Quote could not be found.
ERROR,CDS Spread,IR-Ghold.USD.SeniorUnsecured.Modified.10y.Mid,Quote could not be found.
ERROR,CDS Spread,IR-Ghold.USD.SeniorUnsecured.Modified.1y.Mid,Quote could not be found.
ERROR,CDS Spread,IR-Ghold.USD.SeniorUnsecured.Modified.2y.Mid,Quote could not be found.
ERROR,CDS Spread,IR-Ghold.USD.SeniorUnsecured.Modified.3y.Mid,Quote could not be found.
ERROR,CDS Spread,IR-Ghold.USD.SeniorUnsecured.Modified.4y.Mid,Quote could not be found.
ERROR,CDS Spread,IR-Ghold.USD.SeniorUnsecured.Modified.5y.Mid,Quote could not be found.
ERROR,CDS Spread,IR-Ghold.USD.SeniorUnsecured.Modified.6y.Mid,Quote could not be found.
ERROR,CDS Spread,IR-Ghold.USD.SeniorUnsecured.Modified.7y.Mid,Quote could not be found.
ERROR,CDS Spread,ITMN.USD.SeniorUnsecured.Modified.10y.Mid,Quote could not be found.
ERROR,CDS Spread,ITMN.USD.SeniorUnsecured.Modified.1y.Mid,Quote could not be found.
ERROR,CDS Spread,ITMN.USD.SeniorUnsecured.Modified.2y.Mid,Quote could not be found.
ERROR,CDS Spread,ITMN.USD.SeniorUnsecured.Modified.3y.Mid,Quote could not be found.
ERROR,CDS Spread,ITMN.USD.SeniorUnsecured.Modified.4y.Mid,Quote could not be found.
ERROR,CDS Spread,ITMN.USD.SeniorUnsecured.Modified.5y.Mid,Quote could not be found.
ERROR,CDS Spread,ITMN.USD.SeniorUnsecured.Modified.6y.Mid,Quote could not be found.
ERROR,CDS Spread,ITMN.USD.SeniorUnsecured.Modified.7y.Mid,Quote could not be found.
ERROR,CDS Spread,JNJ.USD.SeniorUnsecured.Modified.10y.Mid,Quote could not be found.
ERROR,CDS Spread,JNJ.USD.SeniorUnsecured.Modified.1y.Mid,Quote could not be found.
ERROR,CDS Spread,JNJ.USD.SeniorUnsecured.Modified.2y.Mid,Quote could not be found.
ERROR,CDS Spread,JNJ.USD.SeniorUnsecured.Modified.3y.Mid,Quote could not be found.
ERROR,CDS Spread,JNJ.USD.SeniorUnsecured.Modified.4y.Mid,Quote could not be found.
ERROR,CDS Spread,JNJ.USD.SeniorUnsecured.Modified.5y.Mid,Quote could not be found.
ERROR,CDS Spread,JNJ.USD.SeniorUnsecured.Modified.6y.Mid,Quote could not be found.
ERROR,CDS Spread,JNJ.USD.SeniorUnsecured.Modified.7y.Mid,Quote could not be found.
ERROR,CDS Spread,KKD.USD.SeniorUnsecured.Modified.10y.Mid,Quote could not be found.
ERROR,CDS Spread,KKD.USD.SeniorUnsecured.Modified.1y.Mid,Quote could not be found.
ERROR,CDS Spread,KKD.USD.SeniorUnsecured.Modified.2y.Mid,Quote could not be found.
ERROR,CDS Spread,KKD.USD.SeniorUnsecured.Modified.3y.Mid,Quote could not be found.
ERROR,CDS Spread,KKD.USD.SeniorUnsecured.Modified.4y.Mid,Quote could not be found.
ERROR,CDS Spread,KKD.USD.SeniorUnsecured.Modified.5y.Mid,Quote could not be found.
ERROR,CDS Spread,KKD.USD.SeniorUnsecured.Modified.6y.Mid,Quote could not be found.
ERROR,CDS Spread,KKD.USD.SeniorUnsecured.Modified.7y.Mid,Quote could not be found.
ERROR,CDS Spread,KKR-BRHold.USD.SeniorUnsecured.Modified.10y.Mid,Quote could not be found.
ERROR,CDS Spread,KKR-BRHold.USD.SeniorUnsecured.Modified.1y.Mid,Quote could not be found.
ERROR,CDS Spread,KKR-BRHold.USD.SeniorUnsecured.Modified.2y.Mid,Quote could not be found.
ERROR,CDS Spread,KKR-BRHold.USD.SeniorUnsecured.Modified.3y.Mid,Quote could not be found.
ERROR,CDS Spread,KKR-BRHold.USD.SeniorUnsecured.Modified.4y.Mid,Quote could not be found.
ERROR,CDS Spread,KKR-BRHold.USD.SeniorUnsecured.Modified.5y.Mid,Quote could not be found.
ERROR,CDS Spread,KKR-BRHold.USD.SeniorUnsecured.Modified.6y.Mid,Quote could not be found.
ERROR,CDS Spread,KKR-BRHold.USD.SeniorUnsecured.Modified.7y.Mid,Quote could not be found.
ERROR,CDS Spread,KMG-Nv.USD.SeniorUnsecured.Modified.10y.Mid,Quote could not be found.
ERROR,CDS Spread,KMG-Nv.USD.SeniorUnsecured.Modified.1y.Mid,Quote could not be found.
ERROR,CDS Spread,KMG-Nv.USD.SeniorUnsecured.Modified.2y.Mid,Quote could not be found.
ERROR,CDS Spread,KMG-Nv.USD.SeniorUnsecured.Modified.3y.Mid,Quote could not be found.
ERROR,CDS Spread,KMG-Nv.USD.SeniorUnsecured.Modified.4y.Mid,Quote could not be found.
ERROR,CDS Spread,KMG-Nv.USD.SeniorUnsecured.Modified.5y.Mid,Quote could not be found.
ERROR,CDS Spread,KMG-Nv.USD.SeniorUnsecured.Modified.6y.Mid,Quote could not be found.
ERROR,CDS Spread,KMG-Nv.USD.SeniorUnsecured.Modified.7y.Mid,Quote could not be found.
ERROR,CDS Spread,KRB.USD.SeniorUnsecured.Modified.10y.Mid,Quote could not be found.
ERROR,CDS Spread,KRB.USD.SeniorUnsecured.Modified.1y.Mid,Quote could not be found.
ERROR,CDS Spread,KRB.USD.SeniorUnsecured.Modified.2y.Mid,Quote could not be found.
ERROR,CDS Spread,KRB.USD.SeniorUnsecured.Modified.3y.Mid,Quote could not be found.
ERROR,CDS Spread,KRB.USD.SeniorUnsecured.Modified.4y.Mid,Quote could not be found.
ERROR,CDS Spread,KRB.USD.SeniorUnsecured.Modified.5y.Mid,Quote could not be found.
ERROR,CDS Spread,KRB.USD.SeniorUnsecured.Modified.6y.Mid,Quote could not be found.
ERROR,CDS Spread,KRB.USD.SeniorUnsecured.Modified.7y.Mid,Quote could not be found.
ERROR,CDS Spread,LLY.USD.SeniorUnsecured.Modified.10y.Mid,Quote could not be found.
ERROR,CDS Spread,LLY.USD.SeniorUnsecured.Modified.1y.Mid,Quote could not be found.
ERROR,CDS Spread,LLY.USD.SeniorUnsecured.Modified.2y.Mid,Quote could not be found.
ERROR,CDS Spread,LLY.USD.SeniorUnsecured.Modified.3y.Mid,Quote could not be found.
ERROR,CDS Spread,LLY.USD.SeniorUnsecured.Modified.4y.Mid,Quote could not be found.
ERROR,CDS Spread,LLY.USD.SeniorUnsecured.Modified.5y.Mid,Quote could not be found.
ERROR,CDS Spread,LLY.USD.SeniorUnsecured.Modified.6y.Mid,Quote could not be found.
ERROR,CDS Spread,LLY.USD.SeniorUnsecured.Modified.7y.Mid,Quote could not be found.
ERROR,CDS Spread,LMHC.USD.SeniorUnsecured.Modified.10y.Mid,Quote could not be found.
ERROR,CDS Spread,LMHC.USD.SeniorUnsecured.Modified.1y.Mid,Quote could not be found.
ERROR,CDS Spread,LMHC.USD.SeniorUnsecured.Modified.2y.Mid,Quote could not be found.
ERROR,CDS Spread,LMHC.USD.SeniorUnsecured.Modified.3y.Mid,Quote could not be found.
ERROR,CDS Spread,LMHC.USD.SeniorUnsecured.Modified.4y.Mid,Quote could not be found.
ERROR,CDS Spread,LMHC.USD.SeniorUnsecured.Modified.5y.Mid,Quote could not be found.
ERROR,CDS Spread,LMHC.USD.SeniorUnsecured.Modified.6y.Mid,Quote could not be found.
ERROR,CDS Spread,LMHC.USD.SeniorUnsecured.Modified.7y.Mid,Quote could not be found.
ERROR,CDS Spread,MARR.USD.SeniorUnsecured.Modified.10y.Mid,Quote could not be found.
ERROR,CDS Spread,MARR.USD.SeniorUnsecured.Modified.1y.Mid,Quote could not be found.
ERROR,CDS Spread,MARR.USD.SeniorUnsecured.Modified.2y.Mid,Quote could not be found.
ERROR,CDS Spread,MARR.USD.SeniorUnsecured.Modified.3y.Mid,Quote could not be found.
ERROR,CDS Spread,MARR.USD.SeniorUnsecured.Modified.4y.Mid,Quote could not be found.
ERROR,CDS Spread,MARR.USD.SeniorUnsecured.Modified.5y.Mid,Quote could not be found.
ERROR,CDS Spread,MARR.USD.SeniorUnsecured.Modified.6y.Mid,Quote could not be found.
ERROR,CDS Spread,MARR.USD.SeniorUnsecured.Modified.7y.Mid,Quote could not be found.
ERROR,CDS Spread,MBI-Global.USD.SeniorUnsecured.Modified.10y.Mid,Quote could not be found.
ERROR,CDS Spread,MBI-Global.USD.SeniorUnsecured.Modified.1y.Mid,Quote could not be found.
ERROR,CDS Spread,MBI-Global.USD.SeniorUnsecured.Modified.2y.Mid,Quote could not be found.
ERROR,CDS Spread,MBI-Global.USD.SeniorUnsecured.Modified.3y.Mid,Quote could not be found.
ERROR,CDS Spread,MBI-Global.USD.SeniorUnsecured.Modified.4y.Mid,Quote could not be found.
ERROR,CDS Spread,MBI-Global.USD.SeniorUnsecured.Modified.5y.Mid,Quote could not be found.
ERROR,CDS Spread,MBI-Global.USD.SeniorUnsecured.Modified.6y.Mid,Quote could not be found.
ERROR,CDS Spread,MBI-Global.USD.SeniorUnsecured.Modified.7y.Mid,Quote could not be found.
ERROR,CDS Spread,MMM.USD.SeniorUnsecured.Modified.10y.Mid,Quote could not be found.
ERROR,CDS Spread,MMM.USD.SeniorUnsecured.Modified.1y.Mid,Quote could not be found.
ERROR,CDS Spread,MMM.USD.SeniorUnsecured.Modified.2y.Mid,Quote could not be found.
ERROR,CDS Spread,MMM.USD.SeniorUnsecured.Modified.3y.Mid,Quote could not be found.
ERROR,CDS Spread,MMM.USD.SeniorUnsecured.Modified.4y.Mid,Quote could not be found.
ERROR,CDS Spread,MMM.USD.SeniorUnsecured.Modified.5y.Mid,Quote could not be found.
ERROR,CDS Spread,MMM.USD.SeniorUnsecured.Modified.6y.Mid,Quote could not be found.
ERROR,CDS Spread,MMM.USD.SeniorUnsecured.Modified.7y.Mid,Quote could not be found.
ERROR,CDS Spread,PCDI.USD.SeniorUnsecured.Modified.10y.Mid,Quote could not be found.
ERROR,CDS Spread,PCDI.USD.SeniorUnsecured.Modified.1y.Mid,Quote could not be found.
ERROR,CDS Spread,PCDI.USD.SeniorUnsecured.Modified.2y.Mid,Quote could not be found.
ERROR,CDS Spread,PCDI.USD.SeniorUnsecured.Modified.3y.Mid,Quote could not be found.
ERROR,CDS Spread,PCDI.USD.SeniorUnsecured.Modified.4y.Mid,Quote could not be found.
ERROR,CDS Spread,PCDI.USD.SeniorUnsecured.Modified.5y.Mid,Quote could not be found.
ERROR,CDS Spread,PCDI.USD.SeniorUnsecured.Modified.6y.Mid,Quote could not be found.
ERROR,CDS Spread,PCDI.USD.SeniorUnsecured.Modified.7y.Mid,Quote could not be found.
ERROR,CDS Spread,PSD-SEN.USD.SeniorUnsecured.Modified.10y.Mid,Quote could not be found.
ERROR,CDS Spread,PSD-SEN.USD.SeniorUnsecured.Modified.1y.Mid,Quote could not be found.
ERROR,CDS Spread,PSD-SEN.USD.SeniorUnsecured.Modified.2y.Mid,Quote could not be found.
ERROR,CDS Spread,PSD-SEN.USD.SeniorUnsecured.Modified.3y.Mid,Quote could not be found.
ERROR,CDS Spread,PSD-SEN.USD.SeniorUnsecured.Modified.4y.Mid,Quote could not be found.
ERROR,CDS Spread,PSD-SEN.USD.SeniorUnsecured.Modified.5y.Mid,Quote could not be found.
ERROR,CDS Spread,PSD-SEN.USD.SeniorUnsecured.Modified.6y.Mid,Quote could not be found.
ERROR,CDS Spread,PSD-SEN.USD.SeniorUnsecured.Modified.7y.Mid,Quote could not be found.
ERROR,CDS Spread,SEMINO.USD.SeniorUnsecured.Modified.10y.Mid,Quote could not be found.
ERROR,CDS Spread,SEMINO.USD.SeniorUnsecured.Modified.1y.Mid,Quote could not be found.
ERROR,CDS Spread,SEMINO.USD.SeniorUnsecured.Modified.2y.Mid,Quote could not be found.
ERROR,CDS Spread,SEMINO.USD.SeniorUnsecured.Modified.3y.Mid,Quote could not be found.
ERROR,CDS Spread,SEMINO.USD.SeniorUnsecured.Modified.4y.Mid,Quote could not be found.
ERROR,CDS Spread,SEMINO.USD.SeniorUnsecured.Modified.5y.Mid,Quote could not be found.
ERROR,CDS Spread,SEMINO.USD.SeniorUnsecured.Modified.6y.Mid,Quote could not be found.
ERROR,CDS Spread,SEMINO.USD.SeniorUnsecured.Modified.7y.Mid,Quote could not be found.
ERROR,CDS Spread,SOTR.USD.SeniorUnsecured.Modified.10y.Mid,Quote could not be found.
ERROR,CDS Spread,SOTR.USD.SeniorUnsecured.Modified.1y.Mid,Quote could not be found.
ERROR,CDS Spread,SOTR.USD.SeniorUnsecured.Modified.2y.Mid,Quote could not be found.
ERROR,CDS Spread,SOTR.USD.SeniorUnsecured.Modified.3y.Mid,Quote could not be found.
ERROR,CDS Spread,SOTR.USD.SeniorUnsecured.Modified.4y.Mid,Quote could not be found.
ERROR,CDS Spread,SOTR.USD.SeniorUnsecured.Modified.5y.Mid,Quote could not be found.
ERROR,CDS Spread,SOTR.USD.SeniorUnsecured.Modified.6y.Mid,Quote could not be found.
ERROR,CDS Spread,SOTR.USD.SeniorUnsecured.Modified.7y.Mid,Quote could not be found.
ERROR,CDS Spread,STZ.USD.SeniorUnsecured.Modified.10y.Mid,Quote could not be found.
ERROR,CDS Spread,STZ.USD.SeniorUnsecured.Modified.1y.Mid,Quote could not be found.
ERROR,CDS Spread,STZ.USD.SeniorUnsecured.Modified.2y.Mid,Quote could not be found.
ERROR,CDS Spread,STZ.USD.SeniorUnsecured.Modified.3y.Mid,Quote could not be found.
ERROR,CDS Spread,STZ.USD.SeniorUnsecured.Modified.4y.Mid,Quote could not be found.
ERROR,CDS Spread,STZ.USD.SeniorUnsecured.Modified.5y.Mid,Quote could not be found.
ERROR,CDS Spread,STZ.USD.SeniorUnsecured.Modified.6y.Mid,Quote could not be found.
ERROR,CDS Spread,STZ.USD.SeniorUnsecured.Modified.7y.Mid,Quote could not be found.
ERROR,CDS Spread,TX.USD.SeniorUnsecured.Modified.10y.Mid,Quote could not be found.
ERROR,CDS Spread,TX.USD.SeniorUnsecured.Modified.1y.Mid,Quote could not be found.
ERROR,CDS Spread,TX.USD.SeniorUnsecured.Modified.2y.Mid,Quote could not be found.
ERROR,CDS Spread,TX.USD.SeniorUnsecured.Modified.3y.Mid,Quote could not be found.
ERROR,CDS Spread,TX.USD.SeniorUnsecured.Modified.4y.Mid,Quote could not be found.
ERROR,CDS Spread,TX.USD.SeniorUnsecured.Modified.5y.Mid,Quote could not be found.
ERROR,CDS Spread,TX.USD.SeniorUnsecured.Modified.6y.Mid,Quote could not be found.
ERROR,CDS Spread,TX.USD.SeniorUnsecured.Modified.7y.Mid,Quote could not be found.
ERROR,CDS Spread,UNIFIN.USD.SeniorUnsecured.Modified.10y.Mid,Quote could not be found.
ERROR,CDS Spread,UNIFIN.USD.SeniorUnsecured.Modified.1y.Mid,Quote could not be found.
ERROR,CDS Spread,UNIFIN.USD.SeniorUnsecured.Modified.2y.Mid,Quote could not be found.
ERROR,CDS Spread,UNIFIN.USD.SeniorUnsecured.Modified.3y.Mid,Quote could not be found.
ERROR,CDS Spread,UNIFIN.USD.SeniorUnsecured.Modified.4y.Mid,Quote could not be found.
ERROR,CDS Spread,UNIFIN.USD.SeniorUnsecured.Modified.5y.Mid,Quote could not be found.
ERROR,CDS Spread,UNIFIN.USD.SeniorUnsecured.Modified.6y.Mid,Quote could not be found.
ERROR,CDS Spread,UNIFIN.USD.SeniorUnsecured.Modified.7y.Mid,Quote could not be found.
ERROR,CDS Spread,WAG.USD.SeniorUnsecured.Modified.10y.Mid,Quote could not be found.
ERROR,CDS Spread,WAG.USD.SeniorUnsecured.Modified.1y.Mid,Quote could not be found.
ERROR,CDS Spread,WAG.USD.SeniorUnsecured.Modified.2y.Mid,Quote could not be found.
ERROR,CDS Spread,WAG.USD.SeniorUnsecured.Modified.3y.Mid,Quote could not be found.
ERROR,CDS Spread,WAG.USD.SeniorUnsecured.Modified.4y.Mid,Quote could not be found.
ERROR,CDS Spread,WAG.USD.SeniorUnsecured.Modified.5y.Mid,Quote could not be found.
ERROR,CDS Spread,WAG.USD.SeniorUnsecured.Modified.6y.Mid,Quote could not be found.
ERROR,CDS Spread,WAG.USD.SeniorUnsecured.Modified.7y.Mid,Quote could not be found.
ERROR,CDS Spread,WWISER.USD.SeniorUnsecured.Modified.10y.Mid,Quote could not be found.
ERROR,CDS Spread,WWISER.USD.SeniorUnsecured.Modified.1y.Mid,Quote could not be found.
ERROR,CDS Spread,WWISER.USD.SeniorUnsecured.Modified.2y.Mid,Quote could not be found.
ERROR,CDS Spread,WWISER.USD.SeniorUnsecured.Modified.3y.Mid,Quote could not be found.
ERROR,CDS Spread,WWISER.USD.SeniorUnsecured.Modified.4y.Mid,Quote could not be found.
ERROR,CDS Spread,WWISER.USD.SeniorUnsecured.Modified.5y.Mid,Quote could not be found.
ERROR,CDS Spread,WWISER.USD.SeniorUnsecured.Modified.6y.Mid,Quote could not be found.
ERROR,CDS Spread,WWISER.USD.SeniorUnsecured.Modified.7y.Mid,Quote could not be found.
ERROR,CDS Spread,XL-FinAss.USD.SeniorUnsecured.Modified.10y.Mid,Quote could not be found.
ERROR,CDS Spread,XL-FinAss.USD.SeniorUnsecured.Modified.1y.Mid,Quote could not be found.
ERROR,CDS Spread,XL-FinAss.USD.SeniorUnsecured.Modified.2y.Mid,Quote could not be found.
ERROR,CDS Spread,XL-FinAss.USD.SeniorUnsecured.Modified.3y.Mid,Quote could not be found.
ERROR,CDS Spread,XL-FinAss.USD.SeniorUnsecured.Modified.4y.Mid,Quote could not be found.
ERROR,CDS Spread,XL-FinAss.USD.SeniorUnsecured.Modified.5y.Mid,Quote could not be found.
ERROR,CDS Spread,XL-FinAss.USD.SeniorUnsecured.Modified.6y.Mid,Quote could not be found.
ERROR,CDS Spread,XL-FinAss.USD.SeniorUnsecured.Modified.7y.Mid,Quote could not be found.
ERROR,CDS Spread,XOM.USD.SeniorUnsecured.Modified.10y.Mid,Quote could not be found.
ERROR,CDS Spread,XOM.USD.SeniorUnsecured.Modified.1y.Mid,Quote could not be found.
ERROR,CDS Spread,XOM.USD.SeniorUnsecured.Modified.2y.Mid,Quote could not be found.
ERROR,CDS Spread,XOM.USD.SeniorUnsecured.Modified.3y.Mid,Quote could not be found.
ERROR,CDS Spread,XOM.USD.SeniorUnsecured.Modified.4y.Mid,Quote could not be found.
ERROR,CDS Spread,XOM.USD.SeniorUnsecured.Modified.5y.Mid,Quote could not be found.
ERROR,CDS Spread,XOM.USD.SeniorUnsecured.Modified.6y.Mid,Quote could not be found.
ERROR,CDS Spread,XOM.USD.SeniorUnsecured.Modified.7y.Mid,Quote could not be found.
ERROR,Recovery Rate,ABTJ.USD.SeniorUnsecured.Modified.Recovery,Quote could not be found.
ERROR,Recovery Rate,ACE-INAHldgs.USD.SeniorUnsecured.Modified.Recovery,Quote could not be found.
ERROR,Recovery Rate,AES-Trust3.USD.SeniorUnsecured.Modified.Recovery,Quote could not be found.
ERROR,Recovery Rate,ARIP.USD.SeniorUnsecured.Modified.Recovery,Quote could not be found.
ERROR,Recovery Rate,AWHLLC.USD.SeniorUnsecured.Modified.Recovery,Quote could not be found.
ERROR,Recovery Rate,BAXIH.USD.SeniorUnsecured.Modified.Recovery,Quote could not be found.
ERROR,Recovery Rate,BK-ALCN.USD.SeniorUnsecured.Modified.Recovery,Quote could not be found.
ERROR,Recovery Rate,CACTML.USD.SeniorUnsecured.Modified.Recovery,Quote could not be found.
ERROR,Recovery Rate,CAIA.USD.SeniorUnsecured.Modified.Recovery,Quote could not be found.
ERROR,Recovery Rate,CCBP-NatexBqPop.USD.SeniorUnsecured.Modified.Recovery,Quote could not be found.
ERROR,Recovery Rate,CCWCL.USD.SeniorUnsecured.Modified.Recovery,Quote could not be found.
ERROR,Recovery Rate,CD-AvisBdgt.USD.SeniorUnsecured.Modified.Recovery,Quote could not be found.
ERROR,Recovery Rate,CL.USD.SeniorUnsecured.Modified.Recovery,Quote could not be found.
ERROR,Recovery Rate,CTRYMC.USD.SeniorUnsecured.Modified.Recovery,Quote could not be found.
ERROR,Recovery Rate,DDR.USD.SeniorUnsecured.Modified.Recovery,Quote could not be found.
ERROR,Recovery Rate,DUKECRP.USD.SeniorUnsecured.Modified.Recovery,Quote could not be found.
ERROR,Recovery Rate,EHIPRE.USD.SeniorUnsecured.Modified.Recovery,Quote could not be found.
ERROR,Recovery Rate,F-CredCan.USD.SeniorUnsecured.Modified.Recovery,Quote could not be found.
ERROR,Recovery Rate,FCSEMI.USD.SeniorUnsecured.Modified.Recovery,Quote could not be found.
ERROR,Recovery Rate,G.USD.SeniorUnsecured.Modified.Recovery,Quote could not be found.
ERROR,Recovery Rate,GRAC.USD.SeniorUnsecured.Modified.Recovery,Quote could not be found.
ERROR,Recovery Rate,HARHAN.USD.SeniorUnsecured.Modified.Recovery,Quote could not be found.
ERROR,Recovery Rate,HET-OpCo.USD.SeniorUnsecured.Modified.Recovery,Quote could not be found.
ERROR,Recovery Rate,HON-Inc.USD.SeniorUnsecured.Modified.Recovery,Quote could not be found.
ERROR,Recovery Rate,IR-Ghold.USD.SeniorUnsecured.Modified.Recovery,Quote could not be found.
ERROR,Recovery Rate,ITMN.USD.SeniorUnsecured.Modified.Recovery,Quote could not be found.
ERROR,Recovery Rate,JNJ.USD.SeniorUnsecured.Modified.Recovery,Quote could not be found.
ERROR,Recovery Rate,KKD.USD.SeniorUnsecured.Modified.Recovery,Quote could not be found.
ERROR,Recovery Rate,KKR-BRHold.USD.SeniorUnsecured.Modified.Recovery,Quote could not be found.
ERROR,Recovery Rate,KMG-Nv.USD.SeniorUnsecured.Modified.Recovery,Quote could not be found.
ERROR,Recovery Rate,KRB.USD.SeniorUnsecured.Modified.Recovery,Quote could not be found.
ERROR,Recovery Rate,LLY.USD.SeniorUnsecured.Modified.Recovery,Quote could not be found.
ERROR,Recovery Rate,LMHC.USD.SeniorUnsecured.Modified.Recovery,Quote could not be found.
ERROR,Recovery Rate,MARR.USD.SeniorUnsecured.Modified.Recovery,Quote could not be found.
ERROR,Recovery Rate,MBI-Global.USD.SeniorUnsecured.Modified.Recovery,Quote could not be found.
ERROR,Recovery Rate,MMM.USD.SeniorUnsecured.Modified.Recovery,Quote could not be found.
ERROR,Recovery Rate,PCDI.USD.SeniorUnsecured.Modified.Recovery,Quote could not be found.
ERROR,Recovery Rate,PSD-SEN.USD.SeniorUnsecured.Modified.Recovery,Quote could not be found.
ERROR,Recovery Rate,SEMINO.USD.SeniorUnsecured.Modified.Recovery,Quote could not be found.
ERROR,Recovery Rate,SOTR.USD.SeniorUnsecured.Modified.Recovery,Quote could not be found.
ERROR,Recovery Rate,STZ.USD.SeniorUnsecured.Modified.Recovery,Quote could not be found.
ERROR,Recovery Rate,TX.USD.SeniorUnsecured.Modified.Recovery,Quote could not be found.
ERROR,Recovery Rate,UNIFIN.USD.SeniorUnsecured.Modified.Recovery,Quote could not be found.
ERROR,Recovery Rate,WAG.USD.SeniorUnsecured.Modified.Recovery,Quote could not be found.
ERROR,Recovery Rate,WWISER.USD.SeniorUnsecured.Modified.Recovery,Quote could not be found.
ERROR,Recovery Rate,XL-FinAss.USD.SeniorUnsecured.Modified.Recovery,Quote could not be found.
ERROR,Recovery Rate,XOM.USD.SeniorUnsecured.Modified.Recovery,Quote could not be found.
